"c1fips","c1geoLat","c1geoLng","c2fips","c2geoLat","c2geoLng","Highway","drivetime","dist"
"19","39.75049","-122.205445","17020","39.7284944","-121.8374777","9028","2345","40521"
"18","37.245635","-121.088777","32900","37.3021632","-120.4829677","9026","3655","92439"
"16","36.252026","-120.242829","47300","36.3302284","-119.2920585","9022","3865","100628"
"15","35.396887","-119.396882","12540","35.3732921","-119.0187125","9020","2091","38173"
"14","37.055177","-120.9693","31460","36.9613356","-120.0607176","9018","3974","108416"
"39140","34.5400242","-112.4685025","13","34.32756","-112.121186","9016","2947","66259"
"14500","40.0149856","-105.2705456","12","40.159984","-104.979279","9014","2313","43666"
"8","34.627558","-86.901276","26620","34.7303688","-86.5861037","9010","1166","32787"
"5","32.641688","-85.352998","17980","32.4609764","-84.9877094","9006","1839","42754"
"49420","46.6020711","-120.5058987","4","46.969008","-120.506716","9005","1841","52484"
"3","41.375778","-72.19275","35980","41.5242649","-72.0759105","9004","1024","21521"
"2","33.316758","-80.547123","16700","32.7765656","-79.9309216","9002","3168","88990"
"24780","35.612661","-77.3663538","1","35.833402","-77.372804","9001","1329","26025"
"33140","41.7075394","-86.8950297","26100","42.7875235","-86.1089301","1096","5410","152460"
"26100","42.7875235","-86.1089301","24340","42.9633599","-85.6680863","1096","2130","44936"
"24340","42.9633599","-85.6680863","29620","42.732535","-84.5555347","1096","3701","109698"
"29620","42.732535","-84.5555347","19820","42.331427","-83.0457538","1096","4934","145458"
"40420","42.2711311","-89.0939952","33140","41.7075394","-86.8950297","1090","9542","236603"
"33140","41.7075394","-86.8950297","43780","41.6763545","-86.2519898","1090","2923","55340"
"43780","41.6763545","-86.2519898","21140","41.6819935","-85.9766671","1090","1988","35853"
"21140","41.6819935","-85.9766671","45780","41.6639383","-83.555212","1090","8057","230115"
"45780","41.6639383","-83.555212","41780","41.4489396","-82.7079605","1090","4126","101515"
"41780","41.4489396","-82.7079605","17460","41.4994954","-81.6954088","1090","4048","101461"
"17460","41.4994954","-81.6954088","21500","42.1292241","-80.085059","1090","6090","165165"
"21500","42.1292241","-80.085059","15380","42.8864468","-78.8783689","1090","5967","151696"
"15380","42.8864468","-78.8783689","40380","43.16103","-77.6109219","1090","4435","123022"
"40380","43.16103","-77.6109219","45060","43.0481221","-76.1474244","1090","5032","140016"
"45060","43.0481221","-76.1474244","46540","43.100903","-75.232664","1090","3239","88458"
"46540","43.100903","-75.232664","10580","42.6525793","-73.7562317","1090","5355","150685"
"10580","42.6525793","-73.7562317","44140","42.1014831","-72.589811","1090","5149","138267"
"44140","42.1014831","-72.589811","49340","42.2625932","-71.8022934","1090","3347","83788"
"49340","42.2625932","-71.8022934","14460","42.3584308","-71.0597732","1090","3076","77079"
"35620","40.7143528","-74.0059731","39100","41.7003713","-73.9209701","1087","5937","134779"
"39100","41.7003713","-73.9209701","28740","41.9270367","-73.9973608","1087","1848","30914"
"28740","41.9270367","-73.9973608","10580","42.6525793","-73.7562317","1087","3287","90199"
"10580","42.6525793","-73.7562317","24020","43.3095164","-73.6440058","1087","3227","84302"
"24020","43.3095164","-73.6440058","99996","45.5","-73.5667","1087","9798","275228"
"25420","40.2737002","-76.8844179","42540","41.408969","-75.6624122","1081","7057","194604"
"42540","41.408969","-75.6624122","13780","42.0986867","-75.9179738","1081","3738","98122"
"13780","42.0986867","-75.9179738","45060","43.0481221","-76.1474244","1081","4156","117551"
"12060","33.7489954","-84.3879824","12020","33.95","-83.3833333","1078","4663","114946"
"15940","40.7989473","-81.378447","10420","41.0814447","-81.5190053","1077","1833","37539"
"10420","41.0814447","-81.5190053","17460","41.4994954","-81.6954088","1077","2559","63080"
"34980","36.1666667","-86.7833333","17300","36.5297706","-87.3594528","1069","3245","78422"
"17300","36.5297706","-87.3594528","21780","37.9715592","-87.5710898","1069","6585","175978"
"21780","37.9715592","-87.5710898","9","38.169114","-87.469819","1069","1529","32039"
"9","38.169114","-87.469819","14020","39.165325","-86.5263857","1069","6122","160499"
"14020","39.165325","-86.5263857","26900","39.768403","-86.158068","1069","3887","90041"
"26900","39.768403","-86.158068","23060","41.079273","-85.1393513","1069","7255","209336"
"23060","41.079273","-85.1393513","21140","41.6819935","-85.9766671","1069","5957","107562"
"26900","39.768403","-86.158068","29140","40.4167022","-86.8752869","1065","3992","101207"
"29140","40.4167022","-86.8752869","16980","41.8781136","-87.6297982","1065","7203","202357"
"39580","35.7795897","-78.6381787","40580","35.9382103","-77.7905339","1064","3522","97992"
"40580","35.9382103","-77.7905339","1","35.833402","-77.372804","1064","1634","42744"
"33460","44.983334","-93.26667","20260","46.7866719","-92.1004852","1035","8352","248259"
"46700","38.1040864","-122.2566367","34900","38.2975381","-122.286865","1029","1525","25891"
"88884","22.6033","-100.4297","88883","25.5394","-103.4486","1025","23456","636561"
"88883","25.5394","-103.4486","88881","28.6353","-106.0889","1025","18114","471617"
"88881","28.6353","-106.0889","21340","31.7587198","-106.4869314","1025","14606","373263"
"48900","34.2257255","-77.9447102","27340","34.7540524","-77.4302414","1017","3879","83327"
"88886","19","-102.3667","88885","20.6667","-103.3503","1015","15974","358752"
"41860","37.7749295","-122.4194155","17","37.78781","-121.302506","580","4124","113551"
"15380","42.8864468","-78.8783689","99995","43.7","-79.4","405","6471","171077"
"16300","41.9778795","-91.6656232","26980","41.6611277","-91.5301683","380","1986","45814"
"29540","40.0378755","-76.3055144","7","40.218733","-76.083466","222","1520","34485"
"7","40.218733","-76.083466","39740","40.3356483","-75.9268747","222","1253","26698"
"39740","40.3356483","-75.9268747","10900","40.6084305","-75.4901833","222","3218","62362"
"31100","34.0522342","-118.2436849","37100","34.1975048","-119.1770516","101","3969","99452"
"37100","34.1975048","-119.1770516","42060","34.4208305","-119.6981901","101","2547","61489"
"42060","34.4208305","-119.6981901","42020","35.2827524","-120.6596156","101","5961","153527"
"42020","35.2827524","-120.6596156","41500","36.6777372","-121.6555013","101","6875","205023"
"41500","36.6777372","-121.6555013","42100","36.9741171","-122.0307963","101","2781","58885"
"42100","36.9741171","-122.0307963","41940","37.3393857","-121.8949555","101","2299","51450"
"41940","37.3393857","-121.8949555","41860","37.7749295","-122.4194155","101","2969","76984"
"41860","37.7749295","-122.4194155","42220","38.4404674","-122.7144314","101","3963","88636"
"20","35.017626","-118.956056","12540","35.3732921","-119.0187125","99","1890","50666"
"12540","35.3732921","-119.0187125","47300","36.3302284","-119.2920585","99","4528","126517"
"47300","36.3302284","-119.2920585","23420","36.7468422","-119.7725868","99","2572","70175"
"23420","36.7468422","-119.7725868","31460","36.9613356","-120.0607176","99","1484","40098"
"31460","36.9613356","-120.0607176","32900","37.3021632","-120.4829677","99","2055","53902"
"32900","37.3021632","-120.4829677","33700","37.6390972","-120.9968782","99","2401","63738"
"33700","37.6390972","-120.9968782","17","37.78781","-121.302506","99","1572","38598"
"33100","25.7889689","-80.2264393","38940","27.2758333","-80.355","95","6109","180040"
"38940","27.2758333","-80.355","42680","27.816415","-80.4706078","95","3027","74048"
"42680","27.816415","-80.4706078","37340","28.0344621","-80.5886646","95","1347","28016"
"37340","28.0344621","-80.5886646","19660","29.2","-81.0333","95","5198","151460"
"19660","29.2","-81.0333","37380","29.5849736","-81.2078411","95","2369","56110"
"37380","29.5849736","-81.2078411","27260","30.3321838","-81.655651","95","3763","107903"
"27260","30.3321838","-81.655651","15260","31.1499528","-81.4914894","95","3995","111675"
"15260","31.1499528","-81.4914894","42340","32.0835407","-81.0998342","95","4401","125885"
"42340","32.0835407","-81.0998342","2","33.316758","-80.547123","95","5197","156955"
"2","33.316758","-80.547123","22500","34.1954331","-79.7625625","95","4371","132364"
"22500","34.1954331","-79.7625625","22180","35.0526641","-78.8783585","95","4926","141111"
"22180","35.0526641","-78.8783585","40580","35.9382103","-77.7905339","95","5439","150982"
"40580","35.9382103","-77.7905339","40060","37.5407246","-77.4360481","95","6798","202914"
"40060","37.5407246","-77.4360481","47900","38.9072309","-77.0364641","95","6464","174484"
"47900","38.9072309","-77.0364641","12580","39.2903848","-76.6121893","95","3279","64203"
"12580","39.2903848","-76.6121893","37980","39.952335","-75.163789","95","6379","163662"
"37980","39.952335","-75.163789","45940","40.2170534","-74.7429384","95","2192","53546"
"45940","40.2170534","-74.7429384","35620","40.7143528","-74.0059731","95","4341","106352"
"35620","40.7143528","-74.0059731","14860","41.1865478","-73.1951767","95","4487","101225"
"14860","41.1865478","-73.1951767","35300","41.308274","-72.9278835","95","1645","34125"
"35300","41.308274","-72.9278835","3","41.375778","-72.19275","95","2545","68205"
"3","41.375778","-72.19275","39300","41.8239891","-71.4128343","95","3702","99787"
"39300","41.8239891","-71.4128343","14460","42.3584308","-71.0597732","95","3343","81280"
"14460","42.3584308","-71.0597732","38860","43.661471","-70.2553259","95","6390","173455"
"38860","43.661471","-70.2553259","30340","44.100351","-70.2147764","95","2895","58136"
"30340","44.100351","-70.2147764","12620","44.8011821","-68.7778138","95","5991","172661"
"13740","45.7832856","-108.5006904","13900","46.8083268","-100.7837392","94","20724","665853"
"13900","46.8083268","-100.7837392","22020","46.8771863","-96.7898034","94","10137","316019"
"22020","46.8771863","-96.7898034","41060","45.5579451","-94.1632404","94","9574","276950"
"41060","45.5579451","-94.1632404","33460","44.983334","-93.26667","94","3951","105718"
"33460","44.983334","-93.26667","40340","44.0234","-92.46295","94","5391","136012"
"40340","44.0234","-92.46295","29100","43.8013556","-91.2395807","94","4669","121736"
"29100","43.8013556","-91.2395807","31540","43.0730517","-89.4012302","94","8401","229741"
"31540","43.0730517","-89.4012302","33340","43.0389025","-87.9064736","94","4902","127225"
"33340","43.0389025","-87.9064736","39540","42.7261309","-87.7828523","94","2569","48930"
"39540","42.7261309","-87.7828523","16980","41.8781136","-87.6297982","94","5386","123267"
"16980","41.8781136","-87.6297982","33140","41.7075394","-86.8950297","94","3837","96431"
"33140","41.7075394","-86.8950297","28020","42.2917069","-85.5872286","94","5236","146855"
"28020","42.2917069","-85.5872286","12980","42.3211522","-85.1797142","94","1818","43071"
"12980","42.3211522","-85.1797142","27100","42.245869","-84.4013462","94","2806","76124"
"27100","42.245869","-84.4013462","11460","42.2808256","-83.7430378","94","2566","58803"
"11460","42.2808256","-83.7430378","19820","42.331427","-83.0457538","94","2673","69651"
"35300","41.308274","-72.9278835","25540","41.7637111","-72.6850932","91","2453","63138"
"25540","41.7637111","-72.6850932","44140","42.1014831","-72.589811","91","1641","42783"
"42660","47.6062095","-122.3320708","4","46.969008","-120.506716","90","6459","186657"
"4","46.969008","-120.506716","44060","47.6587802","-117.4260466","90","8823","272302"
"44060","47.6587802","-117.4260466","17660","47.6776832","-116.7804664","90","2264","53990"
"17660","47.6776832","-116.7804664","33540","46.8605189","-114.019501","90","9422","267695"
"33540","46.8605189","-114.019501","35600","46.598624","-112.0271","90","6505","185856"
"35600","46.598624","-112.0271","13740","45.7832856","-108.5006904","90","13049","385509"
"13740","45.7832856","-108.5006904","39660","44.0805434","-103.2310149","90","18774","509305"
"39660","44.0805434","-103.2310149","43620","43.5499749","-96.700327","90","17475","560828"
"43620","43.5499749","-96.700327","40340","44.0234","-92.46295","90","12453","378264"
"14460","42.3584308","-71.0597732","31700","42.9956397","-71.4547891","89","3414","85489"
"31700","42.9956397","-71.4547891","15540","44.4758825","-73.212072","89","9226","267039"
"15540","44.4758825","-73.212072","99996","45.5","-73.5667","89","6231","154359"
"48900","34.2257255","-77.9447102","22180","35.0526641","-78.8783585","87","5881","143306"
"33860","32.3668052","-86.2999689","5","32.641688","-85.352998","85","3106","97824"
"5","32.641688","-85.352998","12060","33.7489954","-84.3879824","85","5252","159647"
"12060","33.7489954","-84.3879824","23580","34.2978794","-83.8240663","85","3242","87559"
"23580","34.2978794","-83.8240663","11340","34.5034394","-82.6501332","85","5340","136377"
"11340","34.5034394","-82.6501332","24860","34.8526176","-82.3940104","85","2179","47921"
"24860","34.8526176","-82.3940104","43900","34.9495672","-81.9320482","85","2116","48041"
"43900","34.9495672","-81.9320482","16740","35.2270869","-80.8431267","85","4664","120872"
"38900","45.5234515","-122.6762071","14260","43.6187102","-116.2146068","84","23348","690586"
"12580","39.2903848","-76.6121893","49620","39.9625984","-76.727745","83","3264","83768"
"49620","39.9625984","-76.727745","25420","40.2737002","-76.8844179","83","1995","41563"
"49420","46.6020711","-120.5058987","28420","46.2112458","-119.1372338","82","4692","135025"
"28940","35.9606384","-83.9207392","34100","36.2139814","-83.2948922","81","2974","77761"
"34100","36.2139814","-83.2948922","28700","36.548434","-82.5618186","81","3890","99255"
"28700","36.548434","-82.5618186","13980","37.2295733","-80.4139393","81","8320","235660"
"13980","37.2295733","-80.4139393","40220","37.2709704","-79.9414266","81","2645","67291"
"40220","37.2709704","-79.9414266","31340","37.4137536","-79.1422464","81","4110","90944"
"31340","37.4137536","-79.1422464","16820","38.0293059","-78.4766781","81","4673","107268"
"41860","37.7749295","-122.4194155","46700","38.1040864","-122.2566367","80","2355","51371"
"46700","38.1040864","-122.2566367","40900","38.5815719","-121.4943996","80","3609","94153"
"40900","38.5815719","-121.4943996","39900","39.5296329","-119.8138027","80","7679","217268"
"39900","39.5296329","-119.8138027","41620","40.7607793","-111.8910474","80","25811","833920"
"41620","40.7607793","-111.8910474","16940","41.1399814","-104.8202462","80","22506","708517"
"16940","41.1399814","-104.8202462","30700","40.806862","-96.681679","80","22779","713642"
"30700","40.806862","-96.681679","36540","41.2523634","-95.9979883","80","3504","85033"
"36540","41.2523634","-95.9979883","19780","41.6005448","-93.6091064","80","7669","224655"
"19780","41.6005448","-93.6091064","26980","41.6611277","-91.5301683","80","6270","183046"
"26980","41.6611277","-91.5301683","19340","41.5236437","-90.5776367","80","3472","93485"
"19340","41.5236437","-90.5776367","16980","41.8781136","-87.6297982","80","9978","281956"
"25420","40.2737002","-76.8844179","10900","40.6084305","-75.4901833","78","4799","130418"
"10900","40.6084305","-75.4901833","35620","40.7143528","-74.0059731","78","5695","140867"
"17900","34.0007104","-81.0348144","16740","35.2270869","-80.8431267","77","5315","149427"
"16740","35.2270869","-80.8431267","25860","35.7331878","-81.3411974","77","3821","92074"
"10420","41.0814447","-81.5190053","49660","41.0997803","-80.6495194","76","3088","81640"
"49660","41.0997803","-80.6495194","38300","40.4406248","-79.9958864","76","4015","108678"
"38300","40.4406248","-79.9958864","25420","40.2737002","-76.8844179","76","11698","327695"
"25420","40.2737002","-76.8844179","7","40.218733","-76.083466","76","2807","75430"
"7","40.218733","-76.083466","37980","39.952335","-75.163789","76","3601","95741"
"37980","39.952335","-75.163789","12100","39.3642834","-74.4229266","76","3752","99590"
"33100","25.7889689","-80.2264393","34940","26.1420358","-81.7948103","75","6946","202014"
"34940","26.1420358","-81.7948103","15980","26.5628537","-81.9495331","75","3165","56320"
"15980","26.5628537","-81.9495331","39460","26.9297836","-82.0453664","75","2551","48881"
"39460","26.9297836","-82.0453664","35840","27.044224","-82.2359254","75","1378","23687"
"35840","27.044224","-82.2359254","45300","27.950575","-82.4571776","75","4696","135698"
"45300","27.950575","-82.4571776","36100","29.1871986","-82.1400923","75","5348","156607"
"36100","29.1871986","-82.1400923","23540","29.6516344","-82.3248262","75","2476","60921"
"23540","29.6516344","-82.3248262","37775","30.1833","-82.6333","75","3038","73659"
"37775","30.1833","-82.6333","46660","30.8327022","-83.2784851","75","3792","101093"
"46660","30.8327022","-83.2784851","47580","32.6086111","-83.6380556","75","7693","225047"
"47580","32.6086111","-83.6380556","31420","32.8406946","-83.6324022","75","1926","29503"
"31420","32.8406946","-83.6324022","12060","33.7489954","-84.3879824","75","4730","134779"
"12060","33.7489954","-84.3879824","19140","34.7698021","-84.9702228","75","4934","143841"
"19140","34.7698021","-84.9702228","16860","35.0456297","-85.3096801","75","2056","53637"
"16860","35.0456297","-85.3096801","17420","35.1595182","-84.8766115","75","2290","53197"
"17420","35.1595182","-84.8766115","28940","35.9606384","-83.9207392","75","4657","133882"
"28940","35.9606384","-83.9207392","30460","38.0405837","-84.5037164","75","9507","274211"
"30460","38.0405837","-84.5037164","17140","39.1031182","-84.5120196","75","5158","135485"
"17140","39.1031182","-84.5120196","19380","39.7589478","-84.1916069","75","3458","87561"
"19380","39.7589478","-84.1916069","30620","40.742551","-84.1052256","75","4454","116685"
"30620","40.742551","-84.1052256","45780","41.6639383","-83.555212","75","4580","127128"
"45780","41.6639383","-83.555212","19820","42.331427","-83.0457538","75","3513","97368"
"19820","42.331427","-83.0457538","22420","43.0125274","-83.6874562","75","3913","109948"
"22420","43.0125274","-83.6874562","40980","43.4194699","-83.9508068","75","2445","60732"
"40980","43.4194699","-83.9508068","13020","43.5944677","-83.8888647","75","1333","26300"
"44100","39.7817213","-89.6501481","19500","39.8403147","-88.9548001","72","2740","71609"
"19500","39.8403147","-88.9548001","16580","40.1164204","-88.2433829","72","3281","78341"
"16580","40.1164204","-88.2433829","19180","40.124481","-87.6300207","72","2249","58275"
"19180","40.124481","-87.6300207","26900","39.768403","-86.158068","72","5340","152351"
"41620","40.7607793","-111.8910474","39340","40.2338438","-111.6585337","70","2841","72353"
"39340","40.2338438","-111.6585337","24300","39.0638705","-108.5506486","70","13432","386478"
"24300","39.0638705","-108.5506486","19740","39.737567","-104.9847179","70","13825","390909"
"19740","39.737567","-104.9847179","31740","39.1836082","-96.5716694","70","24915","797579"
"31740","39.1836082","-96.5716694","45820","39.0558235","-95.6890185","70","3357","91545"
"45820","39.0558235","-95.6890185","29940","38.9716689","-95.2352501","70","1877","44755"
"29940","38.9716689","-95.2352501","28140","39.0997265","-94.5785667","70","2410","64895"
"28140","39.0997265","-94.5785667","17860","38.9517053","-92.3340724","70","6665","201361"
"17860","38.9517053","-92.3340724","41180","38.6270025","-90.1994042","70","6760","200457"
"41180","38.6270025","-90.1994042","45460","39.4667034","-87.4139092","70","9647","271393"
"45460","39.4667034","-87.4139092","26900","39.768403","-86.158068","70","4912","124513"
"26900","39.768403","-86.158068","19380","39.7589478","-84.1916069","70","6716","187273"
"19380","39.7589478","-84.1916069","44220","39.9242266","-83.8088171","70","1949","42484"
"44220","39.9242266","-83.8088171","18140","39.9611755","-82.9987942","70","2938","71994"
"18140","39.9611755","-82.9987942","48540","40.0639616","-80.7209149","70","7168","204557"
"48540","40.0639616","-80.7209149","38300","40.4406248","-79.9958864","70","3601","95094"
"38300","40.4406248","-79.9958864","34060","39.629526","-79.9558968","70","4809","120505"
"34060","39.629526","-79.9558968","25180","39.6417629","-77.7199932","70","8255","233737"
"25180","39.6417629","-77.7199932","12580","39.2903848","-76.6121893","70","4495","121186"
"15180","25.9017472","-97.4974838","18580","27.8005828","-97.396381","69","8867","258554"
"33660","30.6943566","-88.0430541","33860","32.3668052","-86.2999689","65","8694","270761"
"33860","32.3668052","-86.2999689","13820","33.5206608","-86.80249","65","5092","149166"
"13820","33.5206608","-86.80249","19460","34.6059253","-86.9833417","65","4634","140970"
"19460","34.6059253","-86.9833417","8","34.627558","-86.901276","65","1204","23728"
"8","34.627558","-86.901276","34980","36.1666667","-86.7833333","65","5669","178678"
"41180","38.6270025","-90.1994042","9","38.169114","-87.469819","64","8775","260350"
"9","38.169114","-87.469819","31140","38.2526647","-85.7584557","64","5479","161468"
"31140","38.2526647","-85.7584557","30460","38.0405837","-84.5037164","64","4811","125262"
"30460","38.0405837","-84.5037164","26580","38.4192496","-82.445154","64","7291","202928"
"26580","38.4192496","-82.445154","16620","38.3498195","-81.6326234","64","3201","82742"
"16620","38.3498195","-81.6326234","16820","38.0293059","-78.4766781","64","13610","400598"
"16820","38.0293059","-78.4766781","40060","37.5407246","-77.4360481","64","4050","115721"
"40060","37.5407246","-77.4360481","47260","36.8529263","-75.977985","64","6309","172400"
"88885","20.6667","-103.3503","88884","22.6033","-100.4297","57","16778","420203"
"26380","29.5957696","-90.7195348","35380","29.9510658","-90.0715323","55","4046","92532"
"35380","29.9510658","-90.0715323","27140","32.2987573","-90.1848103","55","9872","299558"
"27140","32.2987573","-90.1848103","32820","35.1495343","-90.0489801","55","10876","337977"
"32820","35.1495343","-90.0489801","16020","37.3058839","-89.5181476","55","9213","277440"
"16020","37.3058839","-89.5181476","41180","38.6270025","-90.1994042","55","6462","185674"
"41180","38.6270025","-90.1994042","44100","39.7817213","-89.6501481","55","5614","155725"
"44100","39.7817213","-89.6501481","14060","40.4842027","-88.9936873","55","4290","115448"
"14060","40.4842027","-88.9936873","37900","40.6936488","-89.5889864","55","2780","63961"
"37900","40.6936488","-89.5889864","19340","41.5236437","-90.5776367","55","5854","157102"
"19340","41.5236437","-90.5776367","16980","41.8781136","-87.6297982","55","9978","281956"
"22900","35.3859242","-94.3985475","22220","36.0625795","-94.1574263","49","3552","92321"
"22220","36.0625795","-94.1574263","27900","37.0842271","-94.513281","49","5408","139452"
"26420","29.7601927","-95.3693896","19100","32.7801399","-96.8004511","45","12345","384771"
"36420","35.4675602","-97.5164276","46140","36.1539816","-95.992775","44","5962","174225"
"46140","36.1539816","-95.992775","27900","37.0842271","-94.513281","44","6375","182623"
"27900","37.0842271","-94.513281","44180","37.2089572","-93.2922989","44","4492","117381"
"44180","37.2089572","-93.2922989","41180","38.6270025","-90.1994042","44","11788","347224"
"33340","43.0389025","-87.9064736","22540","43.7730448","-88.4470508","41","4006","107739"
"22540","43.7730448","-88.4470508","36780","44.0247062","-88.5426136","41","1848","37990"
"36780","44.0247062","-88.5426136","11540","44.2619309","-88.4153847","41","1702","33040"
"11540","44.2619309","-88.4153847","24580","44.519159","-88.019826","41","2334","48276"
"31100","34.0522342","-118.2436849","29420","34.483901","-114.3224548","40","16222","480698"
"29420","34.483901","-114.3224548","22380","35.2013516","-111.639249","40","11322","337939"
"22380","35.2013516","-111.639249","10740","35.110703","-106.609991","40","16563","521651"
"10740","35.110703","-106.609991","11100","35.2219971","-101.8312969","40","14523","459300"
"11100","35.2219971","-101.8312969","36420","35.4675602","-97.5164276","40","13571","418436"
"36420","35.4675602","-97.5164276","22900","35.3859242","-94.3985475","40","9855","294873"
"22900","35.3859242","-94.3985475","30780","34.7464809","-92.2895948","40","8578","255291"
"30780","34.7464809","-92.2895948","32820","35.1495343","-90.0489801","40","7474","221192"
"32820","35.1495343","-90.0489801","27180","35.6145169","-88.8139469","40","5081","137347"
"27180","35.6145169","-88.8139469","34980","36.1666667","-86.7833333","40","7259","207853"
"34980","36.1666667","-86.7833333","28940","35.9606384","-83.9207392","40","9727","289175"
"28940","35.9606384","-83.9207392","11700","35.5950581","-82.5514869","40","6651","185806"
"11700","35.5950581","-82.5514869","25860","35.7331878","-81.3411974","40","4509","124546"
"25860","35.7331878","-81.3411974","49180","36.1039642","-80.254435","40","4261","114514"
"49180","36.1039642","-80.254435","24660","36.0726354","-79.7919754","40","2132","48904"
"24660","36.0726354","-79.7919754","15500","36.0956918","-79.4377991","40","1963","35726"
"15500","36.0956918","-79.4377991","20500","35.9940329","-78.898619","40","2389","57025"
"20500","35.9940329","-78.898619","39580","35.7795897","-78.6381787","40","1996","47180"
"40420","42.2711311","-89.0939952","27500","42.6827885","-89.0187222","39","2778","54521"
"27500","42.6827885","-89.0187222","31540","43.0730517","-89.4012302","39","3007","66992"
"18580","27.8005828","-97.396381","41700","29.4241219","-98.4936282","37","7214","230630"
"88886","19","-102.3667","88884","22.6033","-100.4297","35","25222","655808"
"88884","22.6033","-100.4297","88882","25.6667","-100.3","35","15951","446664"
"88882","25.6667","-100.3","29700","27.506407","-99.5075421","35","8531","226897"
"29700","27.506407","-99.5075421","41700","29.4241219","-98.4936282","35","8517","251776"
"41700","29.4241219","-98.4936282","12420","30.267153","-97.7430608","35","4587","127892"
"12420","30.267153","-97.7430608","28660","31.1171194","-97.7277959","35","4453","108990"
"28660","31.1171194","-97.7277959","47380","31.549333","-97.1466695","35","3738","97362"
"47380","31.549333","-97.1466695","19100","32.7801399","-96.8004511","35","5394","153240"
"19100","32.7801399","-96.8004511","36420","35.4675602","-97.5164276","35","11074","330245"
"36420","35.4675602","-97.5164276","48620","37.6888889","-97.3361111","35","8514","260750"
"48620","37.6888889","-97.3361111","45820","39.0558235","-95.6890185","35","7342","224880"
"11","40.406699","-104.993012","24540","40.4233142","-104.7091322","34","1762","31611"
"49620","39.9625984","-76.727745","29540","40.0378755","-76.3055144","30","2085","42804"
"28140","39.0997265","-94.5785667","41140","39.757944","-94.836541","29","3289","89325"
"41140","39.757944","-94.836541","36540","41.2523634","-95.9979883","29","7518","223132"
"36540","41.2523634","-95.9979883","43620","43.5499749","-96.700327","29","10109","299590"
"43620","43.5499749","-96.700327","22020","46.8771863","-96.7898034","29","12828","394223"
"22020","46.8771863","-96.7898034","24220","47.9252568","-97.0328547","29","4567","129596"
"24220","47.9252568","-97.0328547","99994","49.8994","-97.1392","29","9025","233371"
"31180","33.5778631","-101.8551665","11100","35.2219971","-101.8312969","27","6371","199012"
"29740","32.3199396","-106.7636538","10740","35.110703","-106.609991","25","11298","363420"
"10740","35.110703","-106.609991","42140","35.6869752","-105.937799","25","3610","98721"
"42140","35.6869752","-105.937799","39380","38.2544472","-104.6091409","25","14280","455030"
"39380","38.2544472","-104.6091409","17820","38.8338816","-104.8213634","25","2561","71631"
"17820","38.8338816","-104.8213634","19740","39.737567","-104.9847179","25","4143","110111"
"19740","39.737567","-104.9847179","12","40.159984","-104.979279","25","2513","59700"
"12","40.159984","-104.979279","11","40.406699","-104.993012","25","1460","44090"
"11","40.406699","-104.993012","22660","40.5852602","-105.084423","25","1283","27445"
"22660","40.5852602","-105.084423","16940","41.1399814","-104.8202462","25","2840","73956"
"34980","36.1666667","-86.7833333","16860","35.0456297","-85.3096801","24","7200","213246"
"11700","35.5950581","-82.5514869","27740","36.3134397","-82.3534727","23","3688","97903"
"27740","36.3134397","-82.3534727","28700","36.548434","-82.5618186","23","1791","41300"
"18700","44.5645659","-123.2620435","13460","44.0581728","-121.3153096","22","9324","206316"
"19100","32.7801399","-96.8004511","46340","32.3512601","-95.3010624","20","5620","157198"
"46340","32.3512601","-95.3010624","30980","32.5007037","-94.7404891","20","2398","60471"
"30980","32.5007037","-94.7404891","43340","32.5251516","-93.7501789","20","3821","103981"
"43340","32.5251516","-93.7501789","33740","32.5093109","-92.1193012","20","5498","159651"
"33740","32.5093109","-92.1193012","27140","32.2987573","-90.1848103","20","6488","196493"
"27140","32.2987573","-90.1848103","46220","33.2098407","-87.5691735","20","9722","299123"
"46220","33.2098407","-87.5691735","13820","33.5206608","-86.80249","20","3274","94373"
"13820","33.5206608","-86.80249","11500","33.6598257","-85.8316318","20","3778","103204"
"11500","33.6598257","-85.8316318","12060","33.7489954","-84.3879824","20","5416","146463"
"12060","33.7489954","-84.3879824","12260","33.4734978","-82.0105148","20","7979","233375"
"12260","33.4734978","-82.0105148","17900","34.0007104","-81.0348144","20","4495","122481"
"17900","34.0007104","-81.0348144","22500","34.1954331","-79.7625625","20","4913","133324"
"22500","34.1954331","-79.7625625","34820","33.6890603","-78.8866943","20","5170","108811"
"38060","33.4483771","-112.0740373","13","34.32756","-112.121186","17","3568","103918"
"13","34.32756","-112.121186","22380","35.2013516","-111.639249","17","4468","132473"
"14740","47.5673202","-122.6329356","42660","47.6062095","-122.3320708","16","4298","104929"
"40140","33.9533487","-117.3961564","29820","36.114646","-115.172816","15","11852","374942"
"29820","36.114646","-115.172816","41100","37.0952778","-113.5780556","15","6535","197664"
"41100","37.0952778","-113.5780556","39340","40.2338438","-111.6585337","15","13064","417648"
"39340","40.2338438","-111.6585337","36260","41.223","-111.9738304","15","4611","129858"
"36260","41.223","-111.9738304","38540","42.8713032","-112.4455344","15","6799","209363"
"38540","42.8713032","-112.4455344","26820","43.4916514","-112.0339645","15","3044","83278"
"26820","43.4916514","-112.0339645","35600","46.598624","-112.0271","15","14173","439317"
"35600","46.598624","-112.0271","24500","47.50806","-111.295197","15","5029","145653"
"24500","47.50806","-111.295197","99993","51.05","-114.0667","15","18004","508070"
"99993","51.05","-114.0667","99992","53.5333","-113.5","15","10549","296444"
"31100","34.0522342","-118.2436849","40140","33.9533487","-117.3961564","10","3397","92156"
"40140","33.9533487","-117.3961564","38060","33.4483771","-112.0740373","10","16322","519162"
"38060","33.4483771","-112.0740373","46060","32.2217429","-110.926479","10","6646","187019"
"46060","32.2217429","-110.926479","29740","32.3199396","-106.7636538","10","14407","441320"
"29740","32.3199396","-106.7636538","21340","31.7587198","-106.4869314","10","2917","73856"
"21340","31.7587198","-106.4869314","41700","29.4241219","-98.4936282","10","27149","887260"
"41700","29.4241219","-98.4936282","26420","29.7601927","-95.3693896","10","10195","317465"
"26420","29.7601927","-95.3693896","13140","30.080174","-94.1265562","10","4668","136423"
"13140","30.080174","-94.1265562","29340","30.2265949","-93.2173758","10","3389","97227"
"29340","30.2265949","-93.2173758","29180","30.2240897","-92.0198427","10","4171","119798"
"29180","30.2240897","-92.0198427","12940","30.4582829","-91.1403196","10","3814","96833"
"12940","30.4582829","-91.1403196","35380","29.9510658","-90.0715323","10","4838","129017"
"35380","29.9510658","-90.0715323","25060","30.3674198","-89.0928155","10","4418","125784"
"25060","30.3674198","-89.0928155","37700","30.3657552","-88.5561272","10","2528","65852"
"37700","30.3657552","-88.5561272","33660","30.6943566","-88.0430541","10","2551","64734"
"33660","30.6943566","-88.0430541","37860","30.421309","-87.2169149","10","3391","94693"
"37860","30.421309","-87.2169149","18880","30.7541808","-86.5727995","10","3064","84518"
"18880","30.7541808","-86.5727995","45220","30.4382559","-84.2807329","10","7875","239962"
"45220","30.4382559","-84.2807329","37775","30.1833","-82.6333","10","5883","170553"
"37775","30.1833","-82.6333","27260","30.3321838","-81.655651","10","3598","97341"
"41740","32.7153292","-117.1572551","20940","32.792","-115.5630514","8","6112","182067"
"20940","32.792","-115.5630514","49740","32.6926512","-114.6276916","8","3501","101611"
"49740","32.6926512","-114.6276916","46060","32.2217429","-110.926479","8","12229","386113"
"47380","31.549333","-97.1466695","17780","30.627977","-96.3344068","6","5407","148275"
"17780","30.627977","-96.3344068","26420","29.7601927","-95.3693896","6","5380","155889"
"41740","32.7153292","-117.1572551","31100","34.0522342","-118.2436849","5","6979","194629"
"31100","34.0522342","-118.2436849","20","35.017626","-118.956056","5","5376","146761"
"20","35.017626","-118.956056","15","35.396887","-119.396882","5","2438","69175"
"15","35.396887","-119.396882","16","36.252026","-120.242829","5","4196","125769"
"16","36.252026","-120.242829","14","37.055177","-120.9693","5","4930","150256"
"14","37.055177","-120.9693","18","37.245635","-121.088777","5","2650","78577"
"18","37.245635","-121.088777","17","37.78781","-121.302506","5","3370","103548"
"17","37.78781","-121.302506","44700","37.9577016","-121.2907796","5","850","20048"
"44700","37.9577016","-121.2907796","19","39.75049","-122.205445","5","7723","237682"
"19","39.75049","-122.205445","39820","40.5865396","-122.3916754","5","3345","98997"
"39820","40.5865396","-122.3916754","32780","42.3265152","-122.8755949","5","8706","241017"
"32780","42.3265152","-122.8755949","21660","44.0520691","-123.0867536","5","9537","267745"
"21660","44.0520691","-123.0867536","18700","44.5645659","-123.2620435","5","3214","75760"
"18700","44.5645659","-123.2620435","41420","44.9428975","-123.0350963","5","2922","58611"
"41420","44.9428975","-123.0350963","38900","45.5234515","-122.6762071","5","3246","75257"
"38900","45.5234515","-122.6762071","31020","46.1381676","-122.9381672","5","3141","78783"
"31020","46.1381676","-122.9381672","36500","47.0378741","-122.9006951","5","4034","109453"
"36500","47.0378741","-122.9006951","42660","47.6062095","-122.3320708","5","3785","97929"
"42660","47.6062095","-122.3320708","34580","48.421216","-122.3340474","5","3801","99537"
"34580","48.421216","-122.3340474","13380","48.7595529","-122.4882249","5","2223","48611"
"13380","48.7595529","-122.4882249","99991","49.25","-123.1","5","3643","80924"
"45300","27.950575","-82.4571776","29460","28.0394654","-81.9498042","4","2362","55493"
"29460","28.0394654","-81.9498042","36740","28.5383355","-81.3792365","4","3353","88442"
"36740","28.5383355","-81.3792365","19660","29.2","-81.0333","4","3273","87788"
"12700","41.7","-70.3","14460","42.3584308","-71.0597732","3","4596","113870"
"29700","27.506407","-99.5075421","32580","26.2034071","-98.2300124","2","9841","233068"
"32580","26.2034071","-98.2300124","15180","25.9017472","-97.4974838","2","3550","96289"