"FIPS","MSANameFull","Population","City","State","geoLat","geoLng","Highway","x","y","nearFIPS0","nearDist0","nearFIPS1","nearDist1","nearFIPS2","nearDist2","nearFIPS3","nearDist3","nearFIPS4","nearDist4","nearDrive0","nearDrive1","nearDrive2","nearDrive3","nearDrive4"
"24780","Greenville, NC","192678","Greenville","NC","35.612661","-77.3663538","9001","0.8","0.4","47900","446167","37980","674032","35620","833930","12060","850042","14460","1218552","15293","23276","27932","25015","39775"
"1","Junction","0","Junction","NC","35.833402","-77.372804","1064,9001","0.8","0.39","47900","420142","37980","648007","35620","807905","12060","824017","14460","1192527","18712","26695","31351","20293","43193"
"16700","Charleston-North Charleston-Summerville, SC","682124","Charleston","SC","32.7765656","-79.9309216","9002","0.79","0.48","12060","710534","47900","890845","33100","1081082","37980","1118710","35620","1278608","16714","27784","30901","35767","40423"
"2","Junction","0","Junction","SC","33.316758","-80.547123","9002,95","0.78","0.48","12060","621544","47900","801855","33100","992092","37980","1029720","35620","1189618","15627","24122","36812","32106","36761"
"35980","Norwich-New London, CT","273503","Norwich","CT","41.5242649","-72.0759105","9004","0.896","0.236","14460","202588","35620","225076","37980","384974","47900","612839","99995","1007172","6037","8678","13962","21329","29266"
"3","Junction","0","Junction","CT","41.375778","-72.19275","9004,95","0.904","0.244","14460","181067","35620","203555","37980","363453","47900","591318","99995","985651","61355","51464","49513","46799","36695"
"49420","Yakima, WA","247129","Yakima","WA","46.6020711","-120.5058987","9005,82","0.07","0.12","42660","239141","44060","324786","99991","468213","38900","525306","14260","1215892","7845","10653","15856","11029","19318"
"4","Junction","0","Junction","WA","46.969008","-120.506716","90,9005","0.07","0.11","42660","186657","99991","415729","38900","472822","14260","1163408","99993","1433566","826","9255","9947","27233","41587"
"17980","Columbus, GA-AL","301441","Columbus","GA","32.4609764","-84.9877094","9006","0.668","0.524","12060","202401","26420","1247007","19100","1361034","47900","1361072","33100","1387741","6087","37058","39829","39727","32160"
"5","Junction","0","Junction","GA","32.641688","-85.352998","85,9006","0.67","0.5","26420","1204253","19100","1318280","47900","1318318","33100","1344987","16980","1410914","37796","40567","38175","33895","41757"
"34900","Napa, CA","138097","Napa","CA","38.2975381","-122.286865","1029","0.03","0.27","31100","781268","40140","873424","41740","975897","42660","1386206","38060","1392586","21093","23926","27625","42421","39620"
"12100","Atlantic City-Hammonton, NJ","274343","Atlantic City","NJ","39.3642834","-74.4229266","76","0.848","0.312","37980","99590","35620","259488","47900","327455","14460","644110","99995","1115153","3867","7412","11476","19254","31052"
"7","Junction","0","Junction","NJ","40.218733","-76.083466","222,76","0.82","0.29","47900","225260","35620","229927","99995","919822","16980","1277238","12060","1383931","9982","4445","28391","41713","43377"
"26620","Huntsville, AL","425476","Huntsville","AL","34.7303688","-86.5861037","9010","0.64","0.45","12060","447152","16980","1052008","45300","1228761","19100","1268775","19820","1276898","12024","31275","34675","36402","34500"
"8","Junction","0","Junction","AL","34.627558","-86.901276","65,9010","0.63","0.45","12060","414365","16980","1019221","19100","1235988","26420","1420293","47900","1436237","9329","39860","33924","32189","42969"
"21780","Evansville, IN-KY","359889","Evansville","IN","37.9715592","-87.5710898","1069","0.63","0.38","16980","586143","47900","1295242","37980","1382847","99995","1404579","19100","1444087","19430","38693","42838","38491","39881"
"9","Junction","0","Junction","IN","38.169114","-87.469819","64,1069","0.632","0.36","16980","554104","47900","1263203","37980","1350808","99995","1372540","19100","1412048","0","0","0","0","0"
"22660","Fort Collins-Loveland, CO","305541","Fort Collins","CO","40.5852602","-105.084423","25","0.28","0.31","19740","131235","41620","782473","10740","866728","28140","1130009","29820","1352538","4142","24039","26076","32540","41737"
"24540","Greeley, CO","258652","Greeley","CO","40.4233142","-104.7091322","34","0.284","0.32","19740","135401","41620","841529","10740","870894","28140","1134175","29820","1356704","4195","26099","26129","32381","41790"
"11","Junction","0","Junction","CO","40.406699","-104.993012","25,34","0.28","0.32","19740","103790","41620","809918","10740","839283","28140","1102564","29820","1325093","64454","37375","64273","91713","36532"
"14500","Boulder, CO","299383","Boulder","CO","40.0149856","-105.2705456","9014","0.27","0.33","19740","103366","10740","838859","41620","897674","28140","1102140","29820","1324669","2280","24214","27638","30884","39727"
"12","Junction","0","Junction","CO","40.159984","-104.979279","25,9014","0.28","0.33","10740","795193","41620","854008","28140","1058474","29820","1281003","36420","1434454","64273","37375","91713","36532","91495"
"39140","Prescott, AZ","211886","Prescott","AZ","34.5400242","-112.4685025","9016","0.15","0.43","38060","170177","40140","689339","31100","781495","41740","976124","29820","1049979","6164","18611","21432","22184","13872"
"13","Junction","0","Junction","AZ","34.32756","-112.121186","17,9016","0.16","0.43","38060","103918","40140","623080","31100","715236","41740","909865","41860","1419242","11785","27584","30404","29451","49912"
"23420","Fresno, CA","942937","Fresno","CA","36.7468422","-119.7725868","99","0.06","0.35","41860","309887","31100","394119","40140","486275","41740","588748","38060","1005437","10515","11843","14676","18376","30370"
"14","Junction","0","Junction","CA","37.055177","-120.9693","5,9018","0.05","0.34","41860","295676","31100","491961","40140","584117","41740","686590","38060","1103279","11791","28062","30895","34595","46589"
"12540","Bakersfield-Delano, CA","851715","Bakersfield","CA","35.3732921","-119.0187125","9020,99","0.06","0.38","31100","197427","40140","289583","41740","392056","41860","506579","38060","808745","6356","9189","12889","15100","24883"
"15","Junction","0","Junction","CA","35.396887","-119.396882","5,9020","0.05","0.38","31100","215936","40140","308092","41740","410565","41860","544752","38060","827254","28062","30895","34595","11791","46589"
"47300","Visalia-Porterville-Hanford-Corcoran, CA","603021","Visalia","CA","36.3302284","-119.2920585","9022,99","0.06","0.37","31100","323944","41860","380062","40140","416100","41740","518573","38060","935262","10411","12698","13244","16944","28938"
"16","Junction","0","Junction","CA","36.252026","-120.242829","5,9022","0.05","0.37","31100","341705","40140","433861","41860","445932","41740","536334","38060","953023","28062","30895","11791","34595","46589"
"33700","Modesto, CA","518549","Modesto","CA","37.6390972","-120.9968782","99","0.06","0.31","41860","152149","31100","551857","40140","644013","38060","1163175","42660","1402893","5497","16850","19683","35377","44772"
"17","Junction","0","Junction","CA","37.78781","-121.302506","5,580,99","0.05","0.31","41860","113551","31100","590455","40140","682611","38060","1201773","42660","1364295","11791","28062","30895","46589","33209"
"32900","Merced, CA","259888","Merced","CA","37.3021632","-120.4829677","9026,99","0.06","0.33","41860","215887","31100","488119","40140","580275","41740","682748","38060","1099437","7576","14758","17591","21290","33285"
"18","Junction","0","Junction","CA","37.245635","-121.088777","5,9026","0.05","0.33","41860","217099","31100","570538","40140","662694","41740","765167","38060","1181856","11791","28062","30895","34595","46589"
"17020","Chico, CA","220273","Chico","CA","39.7284944","-121.8374777","9028","0.06","0.26","41860","348655","31100","891719","40140","983875","41740","1086348","42660","1144073","10150","25032","27865","31564","36864"
"19","Junction","0","Junction","CA","39.75049","-122.205445","5,9028","0.05","0.26","41860","308134","31100","851198","40140","943354","41740","1045827","42660","1103552","11791","28062","30895","34595","33209"
"31460","Madera-Chowchilla, CA","152931","Madera","CA","36.9613356","-120.0607176","99,9018","0.06","0.34","41860","269789","31100","434217","40140","526373","41740","628846","38060","1045535","9266","12936","15769","19469","31463"
"20","Junction","0","Junction","CA","35.017626","-118.956056","5,99","0.05","0.4","31100","146761","40140","238917","41740","341390","41860","557245","38060","758079","28062","30895","34595","11791","46589"
"21","Junction","0","Junction","UT","38.578232","-112.601838","15,70","0.19","0.34","40140","765994","19740","815949","31100","833614","41740","1028243","38060","1285156","25118","26895","27007","30123","25899"
"22","Junction","0","Junction","CA","34.885931","-117.021303","15,40","0.07","0.41","40140","115920","31100","183540","41740","378169","38060","635082","41860","887546","30895","28062","34595","46589","11791"
"35300","New Haven-Milford, CT","861128","New Haven","CT","41.308274","-72.9278835","95,91","0.892","0.256","35620","135350","14460","249272","37980","295248","47900","523113","99995","917446","5600","7809","10884","18251","28984"
"22180","Fayetteville, NC","374156","Fayetteville","NC","35.0526641","-78.8783585","95,87","0.79","0.42","47900","528380","12060","630291","37980","756245","35620","916143","33100","1265567","17062","19192","25045","29701","37232"
"35620","New York-Northern New Jersey-Long Island, NY-NJ-PA","19015911","New York","NY","40.7143528","-74.0059731","95,78,1087","0.868","0.28","37980","159898","14460","384622","47900","387763","99995","929150","19820","1152722","6180","12792","13548","27544","33373"
"33100","Miami-Fort Lauderdale-Pompano Beach, FL","5670057","Miami","FL","25.7889689","-80.2264393","95,75","0.78","0.66","45300","466600","36740","521352","27260","597577","12060","1185340","16740","1407207","14306","11978","17827","33304","37017"
"40060","Richmond, VA","1269367","Richmond","VA","37.5407246","-77.4360481","95,64","0.83","0.35","47900","174484","37980","402349","35620","562247","12060","984187","99995","1208410","6453","14436","19092","28102","35581"
"19660","Deltona-Daytona Beach-Ormond Beach, FL","494805","Daytona Beach","FL","29.2","-81.0333","95,4","0.78","0.59","45300","231723","33100","433564","12060","751776","47900","1360383","12580","1424586","7846","13767","22376","40917","43358"
"40580","Rocky Mount, NC","152155","Rocky Mount","NC","35.9382103","-77.7905339","95,1064","0.81","0.39","47900","377398","37980","605263","35620","765161","99995","1411324","33100","1416549","12902","20885","25540","42030","42117"
"19820","Detroit-Warren-Livonia, MI","4285812","Detroit","MI","42.331427","-83.0457538","94,75,1096","0.67","0.26","16980","490935","99995","788282","37980","1052608","47900","1070971","35620","1152722","14922","13543","31549","28834","33499"
"16980","Chicago-Joliet-Naperville, IL-IN-WI","9504837","Chicago","IL","41.8781136","-87.6297982","94,55,80,1065,1090","0.6","0.28","19820","490935","99995","1108653","12060","1251267","37980","1372979","47900","1391342","14915","27807","37871","40625","37910"
"33340","Milwaukee-Waukesha-West Allis, WI","1562220","Milwaukee","WI","43.0389025","-87.9064736","94,41","0.6","0.25","16980","172197","33460","614714","19820","663132","99995","1280850","12060","1423464","5620","18295","20186","33216","43076"
"31540","Madison, WI","576460","Madison","WI","43.0730517","-89.4012302","94,39","0.58","0.25","16980","264642","33460","487489","19820","755577","41180","964112","99995","1373295","9167","15332","23733","19459","36625"
"22020","Fargo, ND-MN","212170","Fargo","ND","46.8771863","-96.7898034","94,29","0.46","0.17","33460","382668","28140","1006270","16980","1134799","41180","1408088","26900","1438363","12429","30678","34739","42591","44288"
"40340","Rochester, MN","187623","Rochester","MN","44.0234","-92.46295","90,94","0.51","0.23","33460","136012","16980","616119","19820","1107054","17140","1194517","41180","1315589","5239","19581","34147","35057","26558"
"13740","Billings, MT","160104","Billings","MT","45.7832856","-108.5006904","90,94","0.26","0.17","99993","1039232","41620","1179130","99992","1335676","42660","1352009","33460","1364540","30917","30539","40374","42314","41659"
"48900","Wilmington, NC","369680","Wilmington","NC","34.2257255","-77.9447102","87,1017","0.81","0.42","47900","671686","12060","773597","37980","899551","35620","1059449","33100","1408873","19884","21585","27867","32523","39625"
"49620","York-Hanover, PA","436755","York","PA","39.9625984","-76.727745","83,30","0.8","0.3","47900","147971","37980","173030","35620","307216","99995","885955","16980","1243371","6112","6263","10829","25554","36175"
"28700","Kingsport-Bristol-Bristol, TN-VA","309802","Kingsport","TN","36.548434","-82.5618186","81,23","0.716","0.376","12060","561573","47900","791368","37980","1019233","16980","1165110","35620","1179131","16628","21585","29327","32637","33425"
"41620","Salt Lake City, UT","1145904","Salt Lake City","UT","40.7607793","-111.8910474","80,15","0.19","0.28","19740","913708","40140","1055697","31100","1123317","41860","1196712","41740","1317946","27538","32805","34693","38086","37810"
"19340","Davenport-Moline-Rock Island, IA-IL","381329","Davenport","IA","41.5236437","-90.5776367","80,55","0.57","0.28","16980","281956","41180","492236","19820","772891","33460","1034087","99995","1390609","9958","14669","23244","19370","36135"
"16940","Cheyenne, WY","92690","Cheyenne","WY","41.1399814","-104.8202462","80,25","0.28","0.28","19740","205191","41620","708517","10740","940684","28140","1111132","29820","1403574","5777","22741","27711","32886","42898"
"46700","Vallejo-Fairfield, CA","416486","Vallejo","CA","38.1040864","-122.2566367","80,1029","0.03","0.28","31100","755377","40140","847533","41740","950006","42660","1360315","38060","1366695","19924","22757","26457","42107","38451"
"16740","Charlotte-Gastonia-Rock Hill, NC-SC","1795479","Charlotte","NC","35.2270869","-80.8431267","77,85","0.74","0.42","47900","870813","37980","1098678","35620","1258576","16980","1390520","33100","1407207","21569","29552","34208","41429","37025"
"37980","Philadelphia-Camden-Wilmington, PA-NJ-DE-MD","5992441","Philadelphia","PA","39.952335","-75.163789","76,95","0.844","0.308","35620","159898","47900","227865","99995","1015563","16980","1372979","12060","1386536","6024","8694","27720","40757","42090"
"25420","Harrisburg-Carlisle, PA","552918","Harrisburg","PA","40.2737002","-76.8844179","76,83,1081,78","0.8","0.28","37980","171171","47900","189534","35620","271285","99995","844392","16980","1201808","6399","7729","9794","23765","35326"
"10420","Akron, OH","701472","Akron","OH","41.0814447","-81.5190053","76,1077","0.71","0.28","99995","551018","16980","683795","37980","689184","47900","707547","35620","789298","18074","19629","22602","19887","24337"
"30460","Lexington-Fayette, KY","479236","Lexington","KY","38.0405837","-84.5037164","75,64","0.67","0.36","16980","713883","47900","976473","37980","1136041","99995","1157773","35620","1236155","20563","29152","34692","32081","38189"
"28940","Knoxville, TN","704507","Knoxville","TN","35.9606384","-83.9207392","75,40,81","0.67","0.41","47900","968384","16980","988094","37980","1196249","35620","1356147","99995","1431984","25765","28520","33508","37605","40038"
"16860","Chattanooga, TN-GA","533382","Chattanooga","TN","35.0456297","-85.3096801","75,24","0.67","0.45","12060","197478","16980","1053789","47900","1155463","33100","1382818","37980","1383328","6525","31889","31626","39400","39368"
"12580","Baltimore-Towson, MD","2729107","Baltimore","MD","39.2903848","-76.6121893","70,95,83","0.83","0.32","37980","163662","35620","323560","99995","969723","12060","1222874","16980","1327139","6366","11022","28426","36716","37686"
"38300","Pittsburgh, PA","2359763","Pittsburgh","PA","40.4406248","-79.9958864","70,76","0.752","0.28","37980","498866","47900","517229","35620","598980","99995","741336","16980","874113","16924","14209","20854","17743","24494"
"19380","Dayton, OH","845384","Dayton","OH","39.7589478","-84.1916069","70,75","0.67","0.33","16980","490837","37980","912995","47900","931358","99995","934727","35620","1013109","16136","29708","26749","24340","33638"
"26900","Indianapolis-Carmel, IN","1778570","Indianapolis","IN","39.768403","-86.158068","70,72,1069,1065","0.63","0.33","16980","303564","37980","1100268","47900","1118631","99995","1122000","35620","1200382","10221","35243","32283","28591","39173"
"41180","St. Louis, MO-IL","2817358","St. Louis","MO","38.6270025","-90.1994042","70,55,44,64","0.57","0.36","16980","699470","19820","924360","12060","957513","19100","1151698","19740","1400592","16178","28868","29442","34560","43004"
"45820","Topeka, KS","234655","Topeka","KS","39.0558235","-95.6890185","70,35","0.43","0.34","19100","815875","26420","1200646","16980","1205249","33460","1235973","19820","1435828","25430","37487","30904","25960","43710"
"28140","Kansas City, MO-KS","2052677","Kansas City","MO","39.0997265","-94.5785667","70,29","0.46","0.34","19100","925525","16980","1095599","26420","1310296","19820","1326178","12060","1359331","28146","27588","39985","40395","42128"
"19740","Denver-Aurora-Broomfield, CO","2599506","Denver","CO","39.737567","-104.9847179","70,25","0.28","0.34","41620","913708","28140","998774","29820","1221303","36420","1374754","41180","1400592","27750","30057","38700","33814","42779"
"15180","Brownsville-Harlingen, TX","414124","Brownsville","TX","25.9017472","-97.4974838","69,2","0.432","0.656","88882","556254","26420","806649","19100","976668","88884","1002918","88885","1423121","12168","18989","28514","26735","39361"
"33860","Montgomery, AL","378620","Montgomery","AL","32.3668052","-86.2999689","65,85","0.632","0.5","26420","1106429","19100","1220456","16980","1333085","47900","1416142","33100","1442811","32309","35079","39193","41929","36197"
"16820","Charlottesville, VA","203871","Charlottesville","VA","38.0293059","-78.4766781","64,81","0.78","0.35","47900","290205","37980","518070","35620","677968","99995","1324131","16980","1400151","8373","16152","20807","34653","40348"
"44700","Stockton, CA","696218","Stockton","CA","37.9577016","-121.2907796","5","0.05","0.29","41860","133599","31100","610503","40140","702659","38060","1221821","42660","1344247","5025","17394","20227","35921","43192"
"88885","Guadalajara, Mexico","4424252","Guadalajara","Mexico","20.6667","-103.3503","57,1015","0.28","0.74","88886","358752","88884","420203","88882","866867","88883","1056764","41700","1345540","19276","13363","31328","28368","46423"
"44100","Springfield, IL","211548","Springfield","IL","39.7817213","-89.6501481","55,72","0.57","0.33","16980","618467","19820","889030","12060","1113238","19100","1307423","33460","1370598","11325","24131","33271","39518","28325"
"32820","Memphis, TN-MS-AR","1325611","Memphis","TN","35.1495343","-90.0489801","55,40","0.57","0.41","12060","755924","19100","1015771","16980","1162584","26420","1216833","19820","1387474","20671","23598","28546","31724","39002"
"27140","Jackson, MS","545381","Jackson","MS","32.2987573","-90.1848103","55,20","0.57","0.49","12060","643163","19100","677794","41180","801091","26420","878856","45300","1424772","19984","20836","25289","22881","37174"
"42660","Seattle-Tacoma-Bellevue, WA","3500025","Seattle","WA","47.6062095","-122.3320708","5,90,16","0.05","0.11","99991","229072","38900","286165","40900","1266162","44700","1344247","41860","1411686","8708","9755","40759","43168","43811"
"38900","Portland-Vancouver-Hillsboro, OR-WA","2262590","Portland","OR","45.5234515","-122.6762071","5,84","0.05","0.16","42660","286165","99991","515237","40900","979997","41860","1125521","41940","1202505","9825","18254","31562","34614","36107"
"41740","San Diego-Carlsbad-San Marcos, CA","3140088","San Diego","CA","32.7153292","-117.1572551","5,8","0.05","0.46","31100","194629","40140","286785","38060","805947","40900","883217","41860","898635","6970","5603","18300","26575","26686"
"18700","Corvallis, OR","85928","Corvallis","OR","44.5645659","-123.2620435","5,22","0.05","0.19","38900","133868","42660","420033","99991","649105","40900","846129","41860","991653","5378","14760","23188","28130","31182"
"27900","Joplin, MO","176842","Joplin","MO","37.0842271","-94.513281","44,49","0.49","0.38","19100","687093","26420","1071864","16980","1164075","19820","1388965","12060","1422118","20204","32071","30882","43572","41064"
"15380","Buffalo-Niagara Falls, NY","1134035","Buffalo","NY","42.8864468","-78.8783689","405,1090","0.752","0.232","99995","171077","35620","758073","37980","844486","47900","862849","16980","937576","6103","22075","22177","25069","29062"
"25860","Hickory-Lenoir-Morganton, NC","364565","Hickory","NC","35.7331878","-81.3411974","40,77","0.74","0.41","12060","532844","47900","778739","37980","1006604","35620","1166502","16980","1298446","14053","22013","29996","34063","38927"
"34980","Nashville-Davidson-Murfreesboro-Franklin, TN","1617132","Nashville","TN","36.1666667","-86.7833333","40,65,24,1069","0.63","0.41","12060","410724","16980","840543","19820","1065433","47900","1257559","19100","1360971","13321","25040","28265","35160","34425"
"22900","Fort Smith, AR-OK","300078","Fort Smith","AR","35.3859242","-94.3985475","40,49","0.49","0.41","19100","625118","41180","696378","26420","1009889","12060","1232407","16980","1395848","15668","21940","27535","35529","37578"
"11100","Amarillo, TX","253815","Amarillo","TX","35.2219971","-101.8312969","40,27","0.35","0.41","19100","748681","26420","1133452","19740","1194793","38060","1217342","41180","1239889","19902","31646","23469","37808","39091"
"10740","Albuquerque, NM","898638","Albuquerque","NM","35.110703","-106.609991","40,25","0.28","0.41","19740","735493","38060","758042","19100","1207981","40140","1274970","31100","1342590","22543","23411","33962","38298","40187"
"11700","Asheville, NC","429016","Asheville","NC","35.5950581","-82.5514869","40,23","0.72","0.41","12060","570363","47900","903285","37980","1131150","16980","1173900","35620","1291048","12129","25272","33015","34866","37112"
"39580","Raleigh-Cary, NC","1163510","Raleigh","NC","35.7795897","-78.6381787","40,1064","0.79","0.39","47900","475390","37980","703255","12060","836193","35620","863153","14460","1247775","15129","23112","21943","27768","39610"
"45300","Tampa-St. Petersburg-Clearwater, FL","2824759","Tampa","FL","27.950575","-82.4571776","4,75","0.736","0.612","36740","143935","33100","466600","12060","781609","34980","1192333","16740","1198158","4601","14395","23105","35938","30527"
"39900","Reno-Sparks, NV","429604","Reno","NV","39.5296329","-119.8138027","395,80","0.08","0.28","41860","362792","31100","905856","40140","998012","41740","1100485","38900","1197265","12321","26988","27944","32949","32282"
"40420","Rockford, IL","348355","Rockford","IL","42.2711311","-89.0939952","39,1090","0.58","0.27","16980","143129","33460","609002","19820","634064","99995","1251782","12060","1394396","6091","18731","20657","33548","42525"
"26980","Iowa City, IA","154884","Iowa City","IA","41.6611277","-91.5301683","380,80","0.53","0.28","16980","375441","41180","585721","19820","866376","33460","1127572","19740","1411567","12230","15029","25875","16511","39821"
"18580","Corpus Christi, TX","431379","Corpus Christi","TX","27.8005828","-97.396381","37,69","0.43","0.62","41700","230630","26420","548095","88882","709303","19100","718114","88884","1155967","7216","11582","17243","21243","34328"
"47380","Waco, TX","238562","Waco","TX","31.549333","-97.1466695","35,6","0.432","0.524","19100","153240","26420","304164","88882","812917","88884","1259581","41180","1304938","5380","10204","26783","43328","39501"
"19100","Dallas-Fort Worth-Arlington, TX","6526506","Dallas","TX","32.7801399","-96.8004511","35,45,20","0.43","0.49","26420","384771","88882","966157","41180","1151698","12060","1320957","88884","1412821","12327","31648","34447","40234","48194"
"36420","Oklahoma City, OK","1278041","Oklahoma City","OK","35.4675602","-97.5164276","35,44,40","0.43","0.41","19100","330245","26420","715016","41180","821453","88882","1296402","19740","1374754","11094","23151","25995","41540","33955"
"29700","Laredo, TX","256510","Laredo","TX","27.506407","-99.5075421","35,2","0.4","0.62","88882","226897","26420","569241","19100","739260","88885","1093764","88886","1329369","8902","17861","22984","38074","39288"
"88884","San Luis Potosi, Mexico","2638693","San Luis Potosi","Mexico","22.6033","-100.4297","35,1025,57","0.36","0.7","88885","420203","88882","446664","88886","655808","26420","1242802","19100","1412821","13105","18314","15283","42701","47856"
"88886","Mexico City, Mexico","8851080","Mexico City","Mexico","19","-102.3667","35,1015","0.36","0.78","88885","358752","88884","655808","88882","1102472","88883","1292369","29700","1329369","19309","14915","31731","36257","38534"
"43620","Sioux Falls, SD","232431","Sioux Falls","SD","43.5499749","-96.700327","29,90","0.46","0.23","33460","514276","28140","612047","16980","994383","41180","1013865","19740","1303456","13769","18756","30542","31609","35829"
"36540","Omaha-Council Bluffs, NE-IA","877116","Omaha","NE","41.2523634","-95.9979883","29,80","0.46","0.28","41180","714275","16980","783142","33460","813866","19100","1237982","19820","1274077","22940","25020","20067","35273","38664"
"10900","Allentown-Bethlehem-Easton, PA-NJ","824930","Allentown","PA","40.6084305","-75.4901833","222,78","0.82","0.28","35620","140867","37980","184801","47900","314320","99995","974810","16980","1332226","5744","4045","11346","24857","38930"
"29540","Lancaster, PA","523609","Lancaster","PA","40.0378755","-76.3055144","222,30","0.82","0.3","37980","130226","47900","190775","35620","264412","99995","928759","16980","1286175","5019","8054","9584","26194","37309"
"22500","Florence, SC","206172","Florence","SC","34.1954331","-79.7625625","20,95","0.78","0.46","12060","489180","47900","669491","37980","897356","35620","1057254","33100","1124456","15223","21258","29241","33897","33287"
"17900","Columbia, SC","777122","Columbia","SC","34.0007104","-81.0348144","20,77","0.77","0.46","12060","355856","47900","802815","37980","1030680","35620","1190578","33100","1257780","11288","25247","33230","37886","32525"
"12060","Atlanta-Sandy Springs-Marietta, GA","5359216","Atlanta","GA","33.7489954","-84.3879824","20,75,85,1078","0.67","0.49","47900","1158671","16980","1251267","19100","1320957","26420","1363900","37980","1386536","33950","37766","40138","40354","41934"
"13820","Birmingham-Hoover, AL","1132242","Birmingham","AL","33.5206608","-86.80249","20,65","0.63","0.49","19100","1071290","16980","1183919","26420","1255595","47900","1408338","33100","1435007","32519","34570","34118","38935","40872"
"22380","Flagstaff, AZ","134508","Flagstaff","AZ","35.2013516","-111.639249","17,40","0.16","0.41","38060","236391","40140","753319","31100","820939","41740","1015568","19740","1257144","7965","22454","24343","25355","38248"
"38060","Phoenix-Mesa-Glendale, AZ","4263194","Phoenix","AZ","33.4483771","-112.0740373","17,10","0.16","0.44","40140","519162","31100","611318","41740","805947","40900","1299906","41860","1315324","16301","19121","18367","38517","38629"
"35600","Helena-Butte, MT","109802","Helena","MT","46.598624","-112.0271","15,90","0.19","0.17","99993","653723","99992","950167","42660","966500","99991","1195572","38900","1252665","22481","31939","31023","39034","35307"
"39340","Provo-Orem, UT","540827","Provo","UT","40.2338438","-111.6585337","15,70","0.19","0.31","40140","983344","19740","986061","31100","1050964","41740","1245593","41860","1269065","30613","26451","32501","35618","40449"
"40140","Riverside-San Bernardino-Ontario, CA","4305086","Riverside","CA","33.9533487","-117.3961564","15,10","0.07","0.44","41740","286785","29820","360640","38060","519162","40900","780744","41860","796162","5624","11860","16348","22898","23010"
"14460","Boston-Cambridge-Quincy, MA-NH","4591115","Boston","MA","42.3584308","-71.0597732","1090,95,3,89","0.92","0.208","35620","384622","37980","544520","47900","772385","99995","972392","19820","1418520","12878","18098","25465","29951","38574"
"33140","Michigan City-La Porte, IN","111357","Michigan City","IN","41.7075394","-86.8950297","1090,94,1096","0.62","0.28","99995","1012222","37980","1276548","47900","1294911","12060","1347698","35620","1376662","24868","37981","35266","37355","39931"
"44140","Springfield, MA","693211","Springfield","MA","42.1014831","-72.589811","1090,91","0.88","0.21","14460","160867","35620","241271","37980","401169","47900","629034","99995","811525","5348","8885","14105","21472","25465"
"45780","Toledo, OH","650269","Toledo","OH","41.6639383","-83.555212","1090,75","0.67","0.28","16980","417739","99995","690914","37980","955240","47900","973603","35620","1055354","13297","16533","28838","26123","30788"
"10580","Albany-Schenectady-Troy, NY","871473","Albany","NY","42.6525793","-73.7562317","1090,1087","0.85","0.21","35620","255892","37980","415790","47900","643655","99995","673258","16980","1439757","9124","13660","20955","21061","43697"
"45060","Syracuse, NY","662540","Syracuse","NY","43.0481221","-76.1474244","1090,1081","0.8","0.21","99995","434115","35620","495035","37980","581448","47900","599811","16980","1200614","13830","13985","14086","21210","36466"
"17460","Cleveland-Elyria-Mentor, OH","2068264","Cleveland","OH","41.4994954","-81.6954088","1090,1077","0.7","0.28","99995","487938","16980","620715","37980","752264","47900","770627","35620","852378","16669","18661","23708","20993","25658"
"21140","Elkhart-Goshen, IN","198950","Elkhart","IN","41.6819935","-85.9766671","1090,1069","0.63","0.28","16980","187624","99995","921029","37980","1185355","47900","1203718","35620","1285469","6690","23965","35530","32815","37480"
"99996","Montreal, Canada","3824221","Montreal","Canada","45.5","-73.5667","1087,89","0.848","0.14","14460","506887","35620","615422","37980","775320","47900","1003185","99995","1032788","17537","21166","25701","32997","18828"
"33460","Minneapolis-St. Paul-Bloomington, MN-WI","3318490","Minneapolis","MN","44.983334","-93.26667","1035,94","0.508","0.216","16980","752131","28140","1126323","19820","1243066","17140","1330529","17460","1372846","22877","22589","37442","38353","41012"
"41860","San Francisco-Oakland-Fremont, CA","4391017","San Francisco","CA","37.7749295","-122.4194155","101,80,580","0.01","0.31","31100","704006","40140","796162","41740","898635","38060","1315324","42660","1411686","19881","22714","26414","38408","43766"
"27260","Jacksonville, FL","1360230","Jacksonville","FL","30.3321838","-81.655651","10,95","0.78","0.56","45300","388528","12060","587763","33100","597577","47900","1196370","37980","1424235","11702","17891","17902","36198","44181"
"46060","Tucson, AZ","989561","Tucson","AZ","32.2217429","-110.926479","10,8","0.16","0.5","38060","187019","41740","669791","40140","706181","31100","798337","41700","1402436","6475","20811","22274","25095","43131"
"37775","Lake City, FL","67531","Lake City","FL","30.1833","-82.6333","10,75","0.736","0.556","45300","291187","12060","490422","33100","694918","47900","1293711","26420","1425394","9162","14767","19387","39275","41087"
"33660","Mobile, AL","412585","Mobile","AL","30.6943566","-88.0430541","10,65","0.63","0.56","12060","528232","26420","835668","45300","880913","19100","1220439","33100","1284644","16763","24081","25777","31766","36002"
"35380","New Orleans-Metairie-Kenner, LA","1191095","New Orleans","LA","29.9510658","-90.0715323","10,55","0.57","0.56","26420","579298","12060","784602","19100","964069","45300","1137283","88882","1375436","18275","23930","26437","33077","44570"
"31100","Los Angeles-Long Beach-Santa Ana, CA","12944711","Los Angeles","CA","34.0522342","-118.2436849","10,5,101,40","0.05","0.43","41740","194629","29820","428260","38060","611318","40900","688588","41860","704006","6861","13636","19075","19983","20094"
"26420","Houston-Sugar Land-Baytown, TX","6086580","Houston","TX","29.7601927","-95.3693896","10,45,6","0.48","0.56","41700","317465","19100","384771","88882","796138","88884","1242802","12060","1363900","10243","12338","26670","43216","40538"
"41700","San Antonio-New Braunfels, TX","2194900","San Antonio","TX","29.4241219","-98.4936282","10,35,37","0.43","0.58","26420","317465","88882","478673","19100","487484","88884","925337","88885","1345540","10195","17331","14796","33877","46503"
"29740","Las Cruces, NM","213605","Las Cruces","NM","32.3199396","-106.7636538","10,25","0.28","0.5","38060","628339","40140","1147501","31100","1239657","26420","1278581","19100","1448600","20045","35845","38665","39553","34478"
"21340","El Paso, TX","820797","El Paso","TX","31.7587198","-106.4869314","10,1025","0.28","0.51","38060","702195","26420","1204725","40140","1221357","31100","1313513","19100","1374744","21892","36960","37691","40512","31885"
"24340","Grand Rapids-Wyoming, MI","779593","Grand Rapids","MI","42.9633599","-85.6680863","1096","0.65","0.25","16980","293827","99995","1043438","37980","1307764","47900","1326127","35620","1407878","9646","19386","37956","35241","39906"
"29620","Lansing-East Lansing, MI","465152","Lansing","MI","42.732535","-84.5555347","1096","0.66","0.25","16980","403525","99995","933740","37980","1198066","47900","1216429","35620","1298180","11595","16627","34717","32002","36667"
"26100","Holland-Grand Haven, MI","266296","Holland","MI","42.7875235","-86.1089301","1096","0.62","0.25","16980","248891","19820","300092","99995","1088374","37980","1352700","47900","1371063","8346","9611","20825","39395","36680"
"40380","Rochester, NY","1055298","Rochester","NY","43.16103","-77.6109219","1090","0.772","0.208","99995","294099","35620","635051","37980","721464","47900","739827","16980","1060598","9948","18735","18836","22875","32585"
"49340","Worcester, MA","801230","Worcester","MA","42.2625932","-71.8022934","1090","0.89","0.21","35620","325059","37980","484957","47900","712822","99995","895313","19820","1341441","10767","15987","23355","27840","36463"
"43780","South Bend-Mishawaka, IN-MI","318701","South Bend","IN","41.6763545","-86.2519898","1090","0.62","0.28","16980","151771","99995","956882","37980","1221208","47900","1239571","35620","1321322","5696","24458","36023","33308","37973"
"46540","Utica-Rome, NY","298462","Utica","NY","43.100903","-75.232664","1090","0.81","0.21","35620","406577","99995","522573","37980","566475","47900","688269","16980","1289072","13666","16329","16909","24033","38965"
"21500","Erie, PA","280999","Erie","PA","42.1292241","-80.085059","1090","0.724","0.26","99995","322773","16980","785880","35620","909769","37980","917429","47900","935792","11761","24267","23926","23175","20743"
"41780","Sandusky, OH","76755","Sandusky","OH","41.4489396","-82.7079605","1090","0.69","0.28","16980","519254","99995","589399","37980","853725","47900","872088","35620","953839","15891","19769","26512","23797","28462"
"39100","Poughkeepsie-Newburgh-Middletown, NY","672889","Poughkeepsie","NY","41.7003713","-73.9209701","1087","0.85","0.26","35620","134779","37980","294677","14460","420247","47900","522542","99995","794371","5897","10806","11602","18101","25341"
"28740","Kingston, NY","182458","Kingston","NY","41.9270367","-73.9973608","1087","0.85","0.23","35620","165693","37980","325591","14460","389333","47900","553456","99995","763457","6411","10947","11271","18242","23686"
"24020","Glens Falls, NY","129009","Glens Falls","NY","43.3095164","-73.6440058","1087","0.85","0.19","35620","340194","14460","383436","37980","500092","47900","727957","99995","757560","11855","12261","16390","23686","22735"
"42540","Scranton-Wilkes-Barre, PA","563233","Scranton","PA","41.408969","-75.6624122","1081","0.8","0.26","37980","365775","47900","384138","35620","465889","99995","649788","16980","1396412","7412","14252","7340","20805","37389"
"13780","Binghamton, NY","250065","Binghamton","NY","42.0986867","-75.9179738","1081","0.8","0.25","37980","463897","47900","482260","99995","551666","35620","564011","16980","1318165","10604","17729","17658","10503","38029"
"12020","Athens-Clarke County, GA","193317","Athens","GA","33.95","-83.3833333","1078","0.688","0.48","12060","114946","47900","1273617","33100","1300286","16980","1366213","19100","1435903","4953","32275","35790","41596","44616"
"15940","Canton-Massillon, OH","403881","Canton","OH","40.7989473","-81.378447","1077","0.71","0.29","99995","588557","16980","721334","37980","726723","47900","745086","35620","826837","19173","20845","23560","20845","25295"
"23060","Fort Wayne, IN","419454","Fort Wayne","IN","41.079273","-85.1393513","1069","0.63","0.29","16980","295186","99995","1028591","37980","1292917","47900","1311280","35620","1393031","10546","22554","34017","31302","35967"
"17300","Clarksville, TN-KY","277688","Clarksville","TN","36.5297706","-87.3594528","1069","0.63","0.4","12060","489146","16980","762121","19820","987011","47900","1335981","19100","1439393","15936","25550","29816","37775","35228"
"14020","Bloomington, IN","194212","Bloomington","IN","39.165325","-86.5263857","1069","0.63","0.34","16980","393605","37980","1190309","47900","1208672","99995","1212041","35620","1290423","13382","38346","35386","31676","42276"
"29140","Lafayette, IN","203599","Lafayette","IN","40.4167022","-86.8752869","1065","0.6","0.31","16980","202357","37980","1201475","47900","1219838","99995","1223207","35620","1301589","7207","38454","35495","29859","42384"
"20260","Duluth, MN-WI","279819","Duluth","MN","46.7866719","-92.1004852","1035","0.508","0.18","33460","248259","33340","862973","16980","1000390","26900","1303954","28140","1374582","8277","21664","26220","35769","30114"
"88883","Torreon, Mexico","1215993","Torreon","Mexico","25.5394","-103.4486","1025","0.28","0.66","88884","636561","88885","1056764","88882","1083225","88886","1292369","46060","1360056","22213","28324","12840","37119","47411"
"88881","Chihuahua, Mexico","841490","Chihuahua","Mexico","28.6353","-106.0889","1025","0.28","0.58","88883","471617","38060","1075458","88884","1108178","41700","1260523","12420","1388415","18229","35345","37646","33790","36340"
"27340","Jacksonville, NC","179727","Jacksonville","NC","34.7540524","-77.4302414","1017","0.82","0.42","47900","755013","12060","856924","37980","982878","35620","1142776","45300","1283151","19093","24950","27076","31732","36487"
"99995","Toronto, Canada","5583064","Toronto","Canada","43.7","-79.4","405","0.75","0.2","35620","929150","14460","972392","37980","1015563","47900","1033926","16980","1108653","27531","29895","27632","30750","27622"
"16300","Cedar Rapids, IA","260566","Cedar Rapids","IA","41.9778795","-91.6656232","380","0.53","0.26","16980","421255","41180","631535","19820","912190","33460","1173386","38300","1295368","13520","16114","27165","14920","36814"
"39740","Reading, PA","412795","Reading","PA","40.3356483","-75.9268747","222","0.82","0.288","37980","122439","35620","203229","47900","251958","99995","946520","16980","1303936","4027","8003","9360","26804","38321"
"41940","San Jose-Sunnyvale-Santa Clara, CA","1865436","San Jose","CA","37.3393857","-121.8949555","101","0.01","0.33","31100","629826","40140","721982","41740","824455","38900","1202505","38060","1241144","18010","20843","24543","35901","36537"
"37100","Oxnard-Thousand Oaks-Ventura, CA","831786","Oxnard","CA","34.1975048","-119.1770516","101","0.03","0.41","31100","99452","40140","191608","41740","294081","41860","607358","38060","710770","3878","6844","10439","20428","22538"
"42220","Santa Rosa-Petaluma, CA","488128","Santa Rosa","CA","38.4404674","-122.7144314","101","0.01","0.29","31100","792642","40140","884798","41740","987271","38900","1214157","38060","1403960","22420","25253","28952","35247","40946"
"42060","Santa Barbara-Santa Maria-Goleta, CA","426872","Santa Barbara","CA","34.4208305","-119.6981901","101","0.02","0.39","31100","160941","40140","253097","41740","355570","41860","545869","38060","772259","5732","8698","12292","18318","24391"
"41500","Salinas, CA","421894","Salinas","CA","36.6777372","-121.6555013","101","0.01","0.36","41860","187319","31100","519491","40140","611647","41740","714120","38060","1130809","6177","16642","19475","23174","35169"
"42020","San Luis Obispo-Paso Robles, CA","271985","San Luis Obispo","CA","35.2827524","-120.6596156","101","0.01","0.38","31100","314468","41860","392342","40140","406624","41740","509097","38060","925786","11243","12618","14209","17803","29903"
"42100","Santa Cruz-Watsonville, CA","264291","Santa Cruz","CA","36.9741171","-122.0307963","101","0.01","0.34","41860","128434","31100","578376","40140","670532","41740","773005","38060","1189694","4716","18790","21623","25323","37317"
"47900","Washington-Arlington-Alexandria, DC-VA-MD-WV","5703922","Washington","DC","38.9072309","-77.0364641","95","0.828","0.336","37980","227865","35620","387763","99995","1033926","12060","1158671","16980","1391342","8931","13586","30659","34387","37900"
"39300","Providence-New Bedford-Fall River, RI-MA","1600227","Providence","RI","41.8239891","-71.4128343","95","0.92","0.232","35620","303342","37980","463240","99996","588167","47900","691105","99995","1053672","11032","16316","20373","23684","29851"
"14860","Bridgeport-Stamford-Norwalk, CT","925898","Bridgeport","CT","41.1865478","-73.1951767","95","0.884","0.264","35620","101225","37980","261123","14460","283397","47900","488988","99995","951571","4432","9716","8647","17083","29241"
"37340","Palm Bay-Melbourne-Titusville, FL","543566","Palm Bay","FL","28.0344621","-80.5886646","95","0.78","0.6","36740","239248","33100","282104","45300","383183","12060","903236","16740","1125103","4357","9477","8064","26014","28564"
"38860","Portland-South Portland-Biddeford, ME","515818","Portland","ME","43.661471","-70.2553259","95","0.92","0.18","14460","173455","35620","558077","37980","717975","47900","945840","99995","1145847","6405","18166","23386","30754","35239"
"38940","Port St. Lucie, FL","427879","Port St. Lucie","FL","27.2758333","-80.355","95","0.78","0.64","33100","180040","36740","341312","45300","485247","12060","1005300","16740","1227167","6096","6267","9265","27592","31305"
"45940","Trenton-Ewing, NJ","367059","Trenton","NJ","40.2170534","-74.7429384","95","0.856","0.292","35620","106352","47900","281411","99995","1035502","16980","1426525","12060","1440082","4362","10567","28358","41681","43962"
"42340","Savannah, GA","355561","Savannah","GA","32.0835407","-81.0998342","95","0.78","0.5","12060","778499","33100","835137","47900","958810","37980","1186675","35620","1346573","12919","24777","29735","37718","42374"
"12620","Bangor, ME","153773","Bangor","ME","44.8011821","-68.7778138","95","0.92","0.148","14460","404252","35620","788874","37980","948772","47900","1176637","99995","1376644","13081","24842","30062","37429","39559"
"42680","Sebastian-Vero Beach, FL","138906","Sebastian","FL","27.816415","-80.4706078","95","0.78","0.62","33100","254088","36740","267264","45300","411199","12060","931252","16740","1153119","8737","5492","9165","27149","29699"
"15260","Brunswick, GA","112941","Brunswick","GA","31.1499528","-81.4914894","95","0.78","0.52","45300","500203","12060","699438","33100","709252","47900","1084695","37980","1312560","14925","15936","21428","33233","41216"
"30340","Lewiston-Auburn, ME","107389","Lewiston","ME","44.100351","-70.2147764","95","0.92","0.168","14460","231591","35620","616213","37980","776111","47900","1003976","99995","1203983","8150","19911","25131","32499","35133"
"37380","Palm Coast, FL","97339","Palm Coast","FL","29.5849736","-81.2078411","95","0.78","0.58","45300","287833","33100","489674","12060","695666","47900","1304273","12580","1368476","9134","15037","20967","39508","41949"
"11460","Ann Arbor, MI","347972","Ann Arbor","MI","42.2808256","-83.7430378","94","0.66","0.26","16980","421284","99995","857933","37980","1122259","47900","1140622","35620","1222373","12936","15783","31578","28863","33528"
"28020","Kalamazoo-Portage, MI","328210","Kalamazoo","MI","42.2917069","-85.5872286","94","0.63","0.26","16980","243286","99995","1035931","37980","1300257","47900","1318620","35620","1400371","8253","20443","36135","33420","38085"
"39540","Racine, WI","195401","Racine","WI","42.7261309","-87.7828523","94","0.6","0.26","16980","123267","19820","614202","33460","663644","99995","1231920","12060","1374534","5372","19938","20294","32830","42828"
"41060","St. Cloud, MN","190017","St. Cloud","MN","45.5579451","-94.1632404","94","0.488","0.196","33460","105718","16980","857849","28140","1232041","19820","1348784","17140","1436247","3932","26242","25938","40807","41718"
"27100","Jackson, MI","159760","Jackson","MI","42.245869","-84.4013462","94","0.65","0.26","16980","362481","99995","916736","37980","1181062","47900","1199425","35620","1281176","11345","17618","33290","30575","35240"
"12980","Battle Creek, MI","135490","Battle Creek","MI","42.3211522","-85.1797142","94","0.64","0.26","16980","286357","99995","992860","37980","1257186","47900","1275549","35620","1357300","9113","19371","35063","32348","37013"
"29100","La Crosse, WI-MN","134496","La Crosse","WI","43.8013556","-91.2395807","94","0.53","0.23","33460","257748","16980","494383","19820","985318","41180","1193853","38300","1368496","9281","16118","30684","26410","40200"
"13900","Bismarck, ND","110890","Bismarck","ND","46.8083268","-100.7837392","94","0.37","0.17","99994","678986","33460","698687","36540","1009832","33340","1313401","28140","1322289","21918","21627","30889","39381","39629"
"25540","Hartford-West Hartford-East Hartford, CT","1213242","Hartford","CT","41.7637111","-72.6850932","91","0.876","0.244","35620","198488","14460","203650","37980","358386","47900","586251","99995","854308","7484","5784","12704","20072","26855"
"44060","Spokane, WA","473755","Spokane","WA","47.6587802","-117.4260466","90","0.12","0.11","42660","458959","99991","688031","38900","745124","99993","1161264","41620","1301162","14740","22751","19024","27836","36430"
"17660","Coeur d'Alene, ID","141132","Coeur d'Alene","ID","47.6776832","-116.7804664","90","0.13","0.11","42660","512949","99991","742021","38900","799114","99993","1107274","99992","1403718","16486","24497","20770","26109","35567"
"39660","Rapid City, SD","128375","Rapid City","SD","44.0805434","-103.2310149","90","0.34","0.23","36540","860418","33460","1075104","28140","1172875","99994","1318018","33340","1417794","26815","30468","35555","40023","42685"
"33540","Missoula, MT","110145","Missoula","MT","46.8605189","-114.019501","90","0.17","0.15","42660","780644","99993","839579","99991","1009716","38900","1066809","99992","1136023","25490","25857","33501","29774","35315"
"31700","Manchester-Nashua, NH","401700","Manchester","NH","42.9956397","-71.4547891","89","0.892","0.18","99996","421398","35620","470111","37980","630009","47900","857874","99995","1057881","14789","14703","19923","27290","31776"
"15540","Burlington-South Burlington, VT","212532","Burlington","VT","44.4758825","-73.212072","89","0.868","0.16","14460","352528","35620","737150","37980","897048","47900","1124913","99995","1187147","11822","19424","23960","31255","24408"
"24860","Greenville-Mauldin-Easley, SC","647382","Greenville","SC","34.8526176","-82.3940104","85","0.708","0.448","12060","271857","47900","1039726","37980","1267591","19820","1409777","35620","1427489","8080","26602","34585","36724","39241"
"43900","Spartanburg, SC","286862","Spartanburg","SC","34.9495672","-81.9320482","85","0.72","0.44","12060","319898","47900","991685","37980","1219550","19820","1361736","35620","1379448","9751","25452","33435","36590","38091"
"11340","Anderson, SC","188487","Anderson","SC","34.5034394","-82.6501332","85","0.696","0.46","12060","223936","47900","1087647","37980","1315512","33100","1409276","19820","1446931","7151","28343","36326","38442","38839"
"23580","Gainesville, GA","183058","Gainesville","GA","34.2978794","-83.8240663","85","0.68","0.476","47900","1224024","33100","1272899","19820","1310554","16980","1338826","19100","1408516","32200","35925","39682","39974","42993"
"14260","Boise City-Nampa, ID","627660","Boise City","ID","43.6187102","-116.2146068","84","0.13","0.16","38900","690586","41420","765843","42660","976751","99991","1205823","44060","1435710","23454","26272","27038","35049","23114"
"28420","Kennewick-Pasco-Richland, WA","264122","Kennewick","WA","46.2112458","-119.1372338","82","0.07","0.14","42660","374166","44060","459811","99991","603238","38900","660331","14260","1350917","12297","7721","20308","11847","15669"
"40220","Roanoke, VA","308844","Roanoke","VA","37.2709704","-79.9414266","81","0.764","0.376","47900","488417","37980","716282","12060","864524","35620","876180","14460","1260802","13211","20953","23300","25050","36933"
"31340","Lynchburg, VA","254176","Lynchburg","VA","37.4137536","-79.1422464","81","0.78","0.364","47900","397473","37980","625338","35620","785236","12060","955468","99995","1431399","12244","19986","24642","24537","37490"
"13980","Blacksburg-Christiansburg-Radford, VA","162473","Blacksburg","VA","37.2295733","-80.4139393","81","0.752","0.376","47900","555708","37980","783573","12060","797233","35620","943471","16980","1400770","14782","22524","21962","26622","35312"
"34100","Morristown, TN","137498","Morristown","TN","36.2139814","-83.2948922","81","0.69","0.4","12060","462318","47900","890623","16980","1065855","37980","1118488","35620","1278386","14150","24078","30185","31820","35918"
"40900","Sacramento-Arden-Arcade-Roseville, CA","2176196","Sacramento","CA","38.5815719","-121.4943996","80,5","0.05","0.28","41860","145524","31100","688588","40140","780744","42660","1266162","38060","1299906","5308","19839","22672","40744","38365"
"19780","Des Moines-West Des Moines, IA","580255","Des Moines","IA","41.6005448","-93.6091064","80","0.49","0.28","16980","558487","41180","768767","33460","1038521","19820","1049422","19740","1228521","17795","19875","12833","31440","33958"
"30700","Lincoln, NE","306507","Lincoln","NE","40.806862","-96.681679","80","0.4","0.28","41180","799308","16980","868175","33460","898899","19100","1323015","19820","1359110","23660","27738","22786","33928","41383"
"49660","Youngstown-Warren-Boardman, OH-PA","562720","Youngstown","OH","41.0997803","-80.6495194","76","0.73","0.28","37980","607544","47900","625907","99995","632658","35620","707658","16980","765435","20210","17495","16382","21942","21298"
"17140","Cincinnati-Middletown, OH-KY-IN","2138004","Cincinnati","OH","39.1031182","-84.5120196","75","0.67","0.35","16980","578398","37980","1000556","47900","1018919","99995","1022288","35620","1100670","16064","31324","28365","27490","35254"
"35840","North Port-Bradenton-Sarasota, FL","709362","North Port","FL","27.044224","-82.2359254","75","0.736","0.64","45300","135698","36740","279633","33100","330902","12060","917307","16740","1333856","4696","8237","10742","27019","34441"
"15980","Cape Coral-Fort Myers, FL","631319","Cape Coral","FL","26.5628537","-81.9495331","75","0.752","0.656","45300","208266","33100","258334","36740","352201","12060","989875","16740","1406424","7685","8736","11226","30008","37430"
"22420","Flint, MI","422099","Flint","MI","43.0125274","-83.6874562","75","0.67","0.25","16980","600883","99995","898230","37980","1162556","47900","1180919","35620","1262670","14246","13855","34223","31508","36173"
"36100","Ocala, FL","332521","Ocala","FL","29.1871986","-82.1400923","75","0.736","0.592","45300","156607","36740","300542","33100","623207","12060","625002","47900","1428291","5323","4555","15548","18478","42086"
"34940","Naples-Marco Island, FL","328130","Naples","FL","26.1420358","-81.7948103","75","0.76","0.66","33100","202014","45300","264586","36740","408521","27260","653114","12060","1046195","6977","8864","12405","19492","31187"
"23540","Gainesville, FL","266383","Gainesville","FL","29.6516344","-82.3248262","75","0.736","0.58","45300","217528","12060","564081","33100","684128","47900","1367370","12580","1431573","7111","17228","17336","40377","42818"
"31420","Macon, GA","232926","Macon","GA","32.8406946","-83.6324022","75","0.69","0.51","12060","134779","33100","1050561","47900","1293450","19820","1357774","16980","1386046","4727","29483","36133","42242","42182"
"40980","Saginaw-Saginaw Township North, MI","199103","Saginaw","MI","43.4194699","-83.9508068","75","0.67","0.23","16980","661615","99995","958962","37980","1223288","47900","1241651","35620","1323402","15864","15823","35883","33168","37833"
"39460","Punta Gorda, FL","160491","Punta Gorda","FL","26.9297836","-82.0453664","75","0.744","0.648","45300","159385","36740","303320","33100","307215","12060","940994","16740","1357543","5460","9001","9503","27783","35205"
"47580","Warner Robins, GA","143916","Warner Robins","GA","32.6086111","-83.6380556","75","0.7","0.52","12060","164282","33100","1021058","47900","1322953","19820","1387277","16980","1415549","5891","29118","37744","43405","43345"
"19140","Dalton, GA","142746","Dalton","GA","34.7698021","-84.9702228","75","0.67","0.46","12060","143841","16980","1107426","47900","1209100","33100","1329181","37980","1436965","5135","33533","32446","38011","40188"
"46660","Valdosta, GA","142297","Valdosta","GA","30.8327022","-83.2784851","75","0.724","0.544","12060","389329","45300","392280","33100","796011","41180","1346842","47900","1394804","12016","11995","22219","40895","40544"
"17420","Cleveland, TN","116822","Cleveland","TN","35.1595182","-84.8766115","75","0.67","0.44","12060","250675","47900","1102266","16980","1106986","37980","1330131","33100","1436015","7218","30099","32744","37841","40094"
"13020","Bay City, MI","107126","Bay City","MI","43.5944677","-83.8888647","75","0.67","0.22","16980","687915","99995","985262","37980","1249588","47900","1267951","35620","1349702","16598","16476","36535","33821","38486"
"30620","Lima, OH","106094","Lima","OH","40.742551","-84.1052256","75","0.67","0.31","16980","544867","99995","818042","37980","1029680","47900","1048043","35620","1129794","14265","20750","31207","28492","32943"
"16580","Champaign-Urbana, IL","232345","Champaign","IL","40.1164204","-88.2433829","72","0.59","0.33","16980","514190","37980","1310894","47900","1329257","99995","1332626","35620","1411008","7998","41927","38967","33309","45857"
"19500","Decatur, IL","110735","Decatur","IL","39.8403147","-88.9548001","72","0.58","0.33","16980","592531","19100","1379032","37980","1389235","47900","1407598","99995","1410967","10414","41727","44641","41682","35725"
"19180","Danville, IL","81504","Danville","IL","40.124481","-87.6300207","72","0.6","0.33","16980","455915","37980","1252619","47900","1270982","99995","1274351","35620","1352733","9220","40031","37071","32815","43961"
"18140","Columbus, OH","1858459","Columbus","OH","39.9611755","-82.9987942","70","0.71","0.32","16980","605315","37980","798517","47900","816880","35620","898631","99995","1040987","19235","25942","22982","29872","24033"
"25180","Hagerstown-Martinsburg, MD-WV","271486","Hagerstown","MD","39.6417629","-77.7199932","70","0.78","0.32","47900","185389","37980","284848","35620","444746","99995","1090909","16980","1228355","4629","10188","13790","26661","33902"
"17860","Columbia, MO","175831","Columbia","MO","38.9517053","-92.3340724","70","0.53","0.34","16980","899927","19820","1124817","19100","1126886","12060","1157970","33460","1327684","22165","34830","32818","35847","27050"
"45460","Terre Haute, IN","172659","Terre Haute","IN","39.4667034","-87.4139092","70","0.612","0.34","16980","428077","37980","1224781","47900","1243144","35620","1324895","19100","1423091","12110","39816","36857","43746","43244"
"48540","Wheeling, WV-OH","147193","Wheeling","WV","40.0639616","-80.7209149","70","0.724","0.308","37980","593960","47900","612323","35620","694074","16980","809872","99995","836430","19180","16220","23110","25862","20632"
"24300","Grand Junction, CO","147087","Grand Junction","CO","39.0638705","-108.5506486","70","0.23","0.34","19740","390909","29820","830394","40140","1191034","31100","1258654","28140","1389683","13741","25833","37648","39536","42855"
"44220","Springfield, OH","137676","Springfield","OH","39.9242266","-83.8088171","70","0.69","0.32","16980","533321","37980","870511","47900","888874","35620","970625","99995","977211","17051","28490","25531","32420","25101"
"34060","Morgantown, WV","132258","Morgantown","WV","39.629526","-79.9558968","70","0.752","0.32","47900","419126","37980","518585","35620","678483","99995","861841","16980","994618","12321","17861","21357","21692","28442"
"31740","Manhattan, KS","130246","Manhattan","KS","39.1836082","-96.5716694","70","0.4","0.34","41180","603013","19100","907420","26420","1292191","16980","1296794","33460","1327518","19327","26255","38312","33873","28930"
"29940","Lawrence, KS","112227","Lawrence","KS","38.9716689","-95.2352501","70","0.45","0.34","19100","860630","16980","1160494","26420","1245401","19820","1391073","12060","1424226","26306","29681","38363","42487","44219"
"19460","Decatur, AL","154059","Decatur","AL","34.6059253","-86.9833417","65","0.63","0.45","12060","390637","16980","1042949","19100","1212260","19820","1267839","26420","1396565","12466","31029","35028","34254","38319"
"47260","Virginia Beach-Norfolk-Newport News, VA-NC","1679892","Virginia Beach","VA","36.8529263","-75.977985","64","0.836","0.356","47900","346884","37980","574749","35620","734647","12060","1156587","99995","1380810","11863","17997","22560","31973","40992"
"31140","Louisville-Jefferson County, KY-IN","1294864","Louisville","KY","38.2526647","-85.7584557","64","0.64","0.36","16980","715572","47900","1101735","37980","1261303","99995","1283035","35620","1361417","16175","32398","36539","32496","40469"
"16620","Charleston, WV","303664","Charleston","WV","38.3498195","-81.6326234","64","0.72","0.35","47900","690803","37980","918668","16980","999553","35620","1078566","99995","1443443","19840","25379","27317","28876","29139"
"26580","Huntington-Ashland, WV-KY-OH","287582","Huntington","WV","38.4192496","-82.445154","64","0.7","0.35","47900","773545","16980","916811","37980","1001410","35620","1161308","99995","1360701","22628","25828","28168","31664","31930"
"37900","Peoria, IL","379563","Peoria","IL","40.6936488","-89.5889864","55","0.57","0.31","41180","335134","16980","439058","19820","929993","33460","1191189","12060","1292647","9140","9329","22135","24200","37054"
"26380","Houma-Bayou Cane-Thibodaux, LA","208585","Houma","LA","29.5957696","-90.7195348","55","0.57","0.57","26420","671830","12060","877134","19100","1056601","41180","1193181","45300","1229815","17675","27345","25806","36542","36492"
"14060","Bloomington-Normal, IL","170548","Bloomington","IL","40.4842027","-88.9936873","55","0.57","0.32","16980","503019","19820","993954","12060","1228686","33460","1255150","19100","1422871","7784","20591","35495","24988","43231"
"16020","Cape Girardeau-Jackson, MO-IL","97021","Cape Girardeau","MO","37.3058839","-89.5181476","55","0.57","0.39","41180","185674","16980","885144","12060","1033364","19820","1110034","19100","1293211","6463","21322","25434","32977","31590"
"22220","Fayetteville-Springdale-Rogers, AR-MO","473819","Fayetteville","AR","36.0625795","-94.1574263","49","0.49","0.4","41180","604057","19100","717439","26420","1102210","16980","1303527","12060","1324728","19207","18356","30223","34846","37219"
"46140","Tulsa, OK","946954","Tulsa","OK","36.1539816","-95.992775","44","0.47","0.38","19100","504470","41180","647228","26420","889241","41700","991954","16980","1346698","14684","20637","26551","29226","36275"
"44180","Springfield, MO","440143","Springfield","MO","37.2089572","-93.2922989","44","0.53","0.38","19100","804474","16980","1046694","26420","1189245","19820","1271584","12060","1304737","23878","27420","35745","40110","37687"
"24580","Green Bay, WI","309471","Green Bay","WI","44.519159","-88.019826","41","0.6","0.2","16980","399242","33460","841759","19820","890177","41180","1098712","38300","1273355","11921","15644","26487","26395","36003"
"11540","Appleton, WI","227400","Appleton","WI","44.2619309","-88.4153847","41","0.6","0.21","16980","350966","33460","793483","19820","841901","41180","1050436","38300","1225079","11299","15774","25865","24902","35382"
"36780","Oshkosh-Neenah, WI","167701","Oshkosh","WI","44.0247062","-88.5426136","41","0.6","0.22","16980","317926","33460","760443","19820","808861","41180","1017396","99995","1426579","10323","15871","24888","23925","38242"
"22540","Fond du Lac, WI","102065","Fond du Lac","WI","43.7730448","-88.4470508","41","0.6","0.23","16980","279936","33460","722453","19820","770871","41180","979406","99995","1388589","9115","16947","23681","22724","37034"
"24660","Greensboro-High Point, NC","730956","Greensboro","NC","36.0726354","-79.7919754","40","0.76","0.392","47900","615321","12060","696262","37980","843186","35620","1003084","14460","1387706","17059","18027","25042","29698","41540"
"30780","Little Rock-North Little Rock-Conway, AR","709892","Little Rock","AR","34.7464809","-92.2895948","40","0.53","0.41","41180","684306","19100","880409","12060","977116","26420","1265180","16980","1383776","20866","16652","27802","24778","34754"
"20500","Durham-Chapel Hill, NC","512980","Durham","NC","35.9940329","-78.898619","40","0.78","0.39","47900","522570","37980","750435","12060","789013","35620","910333","14460","1294955","14258","22242","20532","26897","38740"
"49180","Winston-Salem, NC","482020","Winston","NC","36.1039642","-80.254435","40","0.75","0.4","12060","647358","47900","664225","37980","892090","35620","1051988","16980","1412960","17297","18427","26410","31066","39113"
"29420","Lake Havasu City-Kingman, AZ","202342","Lake Havasu City","AZ","34.483901","-114.3224548","40","0.11","0.41","40140","415380","31100","483000","38060","574330","41740","677629","41860","1187006","14118","16414","11540","18359","32468"
"15500","Burlington, NC","153278","Burlington","NC","36.0956918","-79.4377991","40","0.77","0.39","47900","579595","12060","731988","37980","807460","35620","967358","14460","1351980","16002","19127","23985","28641","40483"
"27180","Jackson, TN","115401","Jackson","TN","35.6145169","-88.8139469","40","0.6","0.41","12060","618577","16980","1048396","19100","1153118","19820","1273286","26420","1354180","19579","28054","28325","35008","36451"
"27500","Janesville, WI","160099","Janesville","WI","42.6827885","-89.0187222","39","0.58","0.26","16980","197650","33460","554481","19820","688585","99995","1306303","12060","1448917","6962","16744","21527","34419","43793"
"88882","Monterrey, Mexico","4080329","Monterrey","Mexico","25.6667","-100.3","35","0.36","0.66","88884","446664","26420","796138","88885","866867","19100","966157","88886","1102472","18257","26239","30883","31394","32097"
"12420","Austin-Round Rock-San Marcos, TX","1783519","Austin","TX","30.267153","-97.7430608","35","0.43","0.56","41700","127892","19100","359592","26420","445357","88882","606565","88884","1053229","4666","10692","9166","21394","37940"
"48620","Wichita, KS","625540","Wichita","KS","37.6888889","-97.3361111","35","0.43","0.39","19100","590995","41180","736348","26420","975766","19740","1114004","16980","1430129","18948","22697","31005","25979","37301"
"28660","Killeen-Temple-Fort Hood, TX","411583","Killeen","TX","31.1171194","-97.7277959","35","0.432","0.544","19100","250602","26420","401526","88882","715555","88884","1162219","41180","1402300","8542","11223","25303","41849","42664"
"99994","Winnipeg, Canada","730018","Winnipeg","Canada","49.8994","-97.1392","29","0.46","0.064","33460","745635","36540","1056780","19780","1281435","33340","1360349","28140","1369237","24793","34047","36993","42546","42788"
"41140","St. Joseph, MO-KS","127576","St. Joseph","MO","39.757944","-94.836541","29","0.46","0.31","16980","1006274","19100","1014850","26420","1399621","19820","1415503","12060","1448656","27035","30004","42061","39841","45119"
"24220","Grand Forks, ND-MN","98053","Grand Forks","ND","47.9252568","-97.0328547","29","0.46","0.12","33460","512264","36540","823409","33340","1126978","28140","1135866","16980","1264395","16371","25626","34124","34366","38681"
"31180","Lubbock, TX","290011","Lubbock","TX","33.5778631","-101.8551665","27","0.35","0.45","19100","947693","26420","1332464","19740","1393805","38060","1416354","41180","1438901","18275","28997","29389","40933","44644"
"17820","Colorado Springs, CO","660323","Colorado Springs","CO","38.8338816","-104.8213634","25","0.28","0.37","19740","110111","41620","1023819","28140","1108885","29820","1331414","38060","1383424","4149","31166","29882","41955","41826"
"39380","Pueblo, CO","160559","Pueblo","CO","38.2544472","-104.6091409","25","0.28","0.38","19740","181742","28140","1180516","38060","1311793","29820","1403045","36420","1431487","6333","31749","39379","44139","30414"
"42140","Santa Fe, NM","145646","Santa Fe","NM","35.6869752","-105.937799","25","0.28","0.4","19740","636772","38060","856763","19100","1306702","40140","1373691","31100","1441311","20282","26636","34402","41523","43411"
"27740","Johnson City, TN","199825","Johnson City","TN","36.3134397","-82.3534727","23","0.72","0.4","12060","602873","47900","832668","37980","1060533","16980","1206410","35620","1220431","15353","22032","29774","33700","33872"
"13460","Bend, OR","160330","Bend","OR","44.0581728","-121.3153096","22","0.07","0.19","38900","340184","42660","626349","99991","855421","40900","1052445","41860","1197969","11524","20491","28919","25257","28309"
"12260","Augusta-Richmond County, GA-SC","561861","Augusta","GA","33.4734978","-82.0105148","20","0.74","0.49","12060","233375","47900","925296","37980","1153161","35620","1313059","33100","1380261","7897","28923","36906","41562","32252"
"43340","Shreveport-Bossier City, LA","403598","Shreveport","LA","32.5251516","-93.7501789","20","0.51","0.49","19100","321650","26420","706421","12060","999307","41180","1157235","88882","1287807","9905","14460","31019","32038","40108"
"34820","Myrtle Beach-North Myrtle Beach-Conway, SC","276347","Myrtle Beach","SC","33.6890603","-78.8866943","20","0.79","0.46","12060","597991","47900","778302","37980","1006167","35620","1166065","33100","1233267","20034","24179","32162","36818","37201"
"46220","Tuscaloosa, AL","221545","Tuscaloosa","AL","33.2098407","-87.5691735","20","0.61","0.49","12060","344040","19100","976917","45300","1125649","26420","1177979","16980","1278292","10891","29892","32664","31491","37381"
"30980","Longview, TX","216659","Longview","TX","32.5007037","-94.7404891","20","0.48","0.49","19100","217669","26420","602440","12060","1103288","88882","1183826","41180","1261216","6767","12467","34164","36970","33718"
"46340","Tyler, TX","213371","Tyler","TX","32.3512601","-95.3010624","20","0.47","0.49","19100","157198","26420","541969","88882","1123355","12060","1163759","41180","1308896","5673","12072","34786","35801","35679"
"33740","Monroe, LA","177638","Monroe","LA","32.5093109","-92.1193012","20","0.53","0.49","19100","481301","12060","839656","26420","866072","41180","997584","88882","1447458","14663","25800","19218","31101","44866"
"11500","Anniston-Oxford, AL","117790","Anniston","AL","33.6598257","-85.8316318","20","0.65","0.49","19100","1174494","16980","1287123","47900","1305134","33100","1331803","26420","1358799","35852","37435","38336","38241","37451"
"14740","Bremerton-Silverdale, WA","254626","Bremerton","WA","47.5673202","-122.6329356","16","0.03","0.11","42660","104929","99991","334001","38900","391094","14260","1081680","40900","1371091","4265","12693","9864","29682","40868"
"29820","Las Vegas-Paradise, NV","1969964","Las Vegas","NV","36.114646","-115.172816","15","0.11","0.38","40140","360640","31100","428260","41740","622889","38060","879802","41860","1132266","12122","14010","17127","16942","30064"
"99993","Calgary, Canada","1214839","Calgary","Canada","51.05","-114.0667","15","0.19","0.05","99992","296444","13740","1039232","44060","1161264","36260","1385681","41620","1447344","10386","30516","27371","43948","45657"
"99992","Edmonton, Canada","1159869","Edmonton","Canada","53.5333","-113.5","15","0.19","0.02","99993","296444","33540","1136023","13740","1335676","26820","1389484","17660","1403718","10635","35469","40337","45236","35657"
"36260","Ogden-Clearfield, UT","555923","Ogden","UT","41.223","-111.9738304","15","0.19","0.26","19740","975371","40140","1117360","31100","1184980","41860","1258375","41740","1379609","27179","34730","36619","39919","39735"
"41100","St. George, UT","141662","St. George","UT","37.0952778","-113.5780556","15","0.16","0.38","40140","558304","31100","625924","41740","820553","38060","1077466","41860","1329930","18382","20270","23386","22835","36324"
"26820","Idaho Falls, ID","132063","Idaho Falls","ID","43.4916514","-112.0339645","15","0.19","0.22","29820","1049361","19740","1268012","40900","1405492","42660","1405817","40140","1410001","31573","33619","39495","40657","43388"
"38540","Pocatello, ID","91473","Pocatello","ID","42.8713032","-112.4455344","15","0.19","0.24","29820","966083","19740","1184734","40900","1322214","40140","1326723","31100","1394343","29120","32126","37425","40936","42824"
"24500","Great Falls, MT","81822","Great Falls","MT","47.50806","-111.295197","15","0.19","0.11","99993","508070","99992","804514","42660","1112153","99991","1341225","38900","1398318","18188","27646","34946","42957","39230"
"12940","Baton Rouge, LA","808245","Baton Rouge","LA","30.4582829","-91.1403196","10","0.55","0.56","26420","450281","19100","835052","12060","913619","88882","1246419","45300","1266300","14435","22289","26913","40730","36059"
"37860","Pensacola-Ferry Pass-Brent, FL","453203","Pensacola","FL","30.421309","-87.2169149","10","0.64","0.56","12060","622925","45300","786220","26420","930361","33100","1189951","19100","1315132","17202","23340","26986","33565","34790"
"13140","Beaumont-Port Arthur, TX","390524","Beaumont","TX","30.080174","-94.1265562","10","0.51","0.56","26420","136423","19100","521194","88882","932561","12060","1227477","88884","1379225","4659","16030","30954","36285","47500"
"45220","Tallahassee, FL","369749","Tallahassee","FL","30.4382559","-84.2807329","10","0.67","0.56","45300","461740","36740","519695","12060","660975","33100","865471","26420","1254841","14112","13344","15782","24337","36210"
"29180","Lafayette, LA","277304","Lafayette","LA","30.2240897","-92.0198427","10","0.54","0.56","26420","353448","19100","738219","12060","1010452","88882","1149586","45300","1363133","11480","19744","29891","37775","39037"
"25060","Gulfport-Biloxi, MS","253503","Gulfport","MS","30.3674198","-89.0928155","10","0.59","0.56","12060","658818","26420","705082","45300","1011499","19100","1089853","33100","1415230","20345","20796","29491","28958","39716"
"29340","Lake Charles, LA","200826","Lake Charles","LA","30.2265949","-93.2173758","10","0.52","0.56","26420","233650","19100","618421","88882","1029788","12060","1130250","41180","1446297","7653","18955","33948","33234","40454"
"18880","Crestview-Fort Walton Beach-Destin, FL","183493","Crestview","FL","30.7541808","-86.5727995","10","0.65","0.56","45300","701702","12060","707443","26420","1014879","33100","1105433","19100","1399650","21160","16786","29088","31385","36892"
"37700","Pascagoula, MS","162795","Pascagoula","MS","30.3657552","-88.5561272","10","0.6","0.56","12060","592966","26420","770934","45300","945647","19100","1155705","33100","1349378","18839","22622","27986","30784","38210"
"49740","Yuma, AZ","200856","Yuma","AZ","32.6926512","-114.6276916","8","0.09","0.46","41740","283678","31100","478307","40140","570463","38060","573132","41860","1182313","9375","14893","12072","9777","34401"
"20940","El Centro, CA","177045","El Centro","CA","32.792","-115.5630514","8","0.07","0.46","41740","182067","31100","376696","40140","468852","38060","674743","41860","1080702","6227","12126","9305","12732","31634"
"17780","College Station-Bryan, TX","231630","College Station","TX","30.627977","-96.3344068","6","0.46","0.544","26420","155889","19100","301515","41700","473354","88882","952027","88884","1398691","5378","10036","10711","27209","43755"
"99991","Vancouver, Canada","2313328","Vancouver","Canada","49.25","-123.1","5","0.05","0.05","42660","229072","38900","515237","41420","590494","44060","688031","14260","1205823","8791","18251","21062","22875","34897"
"41420","Salem, OR","394862","Salem","OR","44.9428975","-123.0350963","5","0.05","0.17","42660","361422","99991","590494","40900","904740","41860","1050264","41940","1127248","12630","21059","29022","32074","33567"
"21660","Eugene-Springfield, OR","353406","Eugene","OR","44.0520691","-123.0867536","5","0.05","0.2","38900","209628","42660","495793","99991","724865","40900","770369","41860","915893","6330","15712","24140","25489","28541"
"36500","Olympia, WA","256583","Olympia","WA","47.0378741","-122.9006951","5","0.05","0.12","42660","97929","38900","188236","99991","327001","40900","1168233","41860","1313757","3801","6327","12229","37331","40383"
"32780","Medford, OR","204823","Medford","OR","42.3265152","-122.8755949","5","0.05","0.21","41860","648148","42660","763538","31100","1191212","40140","1283368","41740","1385841","19823","24812","36094","38928","42627"
"13380","Bellingham, WA","203658","Bellingham","WA","48.7595529","-122.4882249","5","0.05","0.08","42660","148148","38900","434313","44060","607107","14260","1124899","40900","1414310","5494","14953","19577","31599","45958"
"39820","Redding, CA","177791","Redding","CA","40.5865396","-122.3916754","5","0.05","0.23","41860","407131","31100","950195","42660","1004555","40140","1042351","41740","1144824","11578","27849","32698","30683","34382"
"34580","Mount Vernon-Anacortes, WA","118118","Mount Vernon","WA","48.421216","-122.3340474","5","0.05","0.09","42660","99537","99991","129535","38900","385702","40900","1365699","44700","1443784","3857","5401","13317","44321","46730"
"31020","Longview, WA","102478","Longview","WA","46.1381676","-122.9381672","5","0.05","0.14","42660","207382","99991","436454","40900","1058780","41860","1204304","41940","1281288","7515","15943","34019","37071","38564"
"36740","Orlando-Kissimmee-Sanford, FL","2171346","Orlando","FL","28.5383355","-81.3792365","4","0.764","0.6","45300","143935","33100","521352","12060","839564","16740","1061431","47900","1448171","4741","12153","22106","26664","43220"
"29460","Lakeland-Winter Haven, FL","609509","Lakeland","FL","28.0394654","-81.9498042","4","0.752","0.608","27260","340243","33100","522093","12060","837102","16740","1149873","34980","1247826","10659","13248","23904","29848","36738"
"12700","Barnstable Town, MA","215760","Barnstable Town","MA","41.7","-70.3","3","0.932","0.208","14460","113870","35620","498492","37980","658390","47900","886255","99995","1086262","4605","15363","20646","28014","33416"
"32580","McAllen-Edinburg-Mission, TX","797785","McAllen","TX","26.2034071","-98.2300124","2","0.412","0.636","88882","459965","26420","802309","88884","906629","19100","972328","88885","1326832","8925","18754","26679","27041","39305"